,tot_pop,male_pop,female_pop,median_age,median_age_male,median_age_female,employ_status_tot,employ_status_working,employ_status_working_civ,employ_status_working_civ_employed,employ_status_working_civ_unemployed,employ_status_working_military,employ_status_not_working,birth_ed_tot,birth_ed_less_than_high,birth_ed_high,birth_ed_some_coll,birth_ed_batchelors,birth_ed_graduate,birth_income_tot,birth_income_none,birth_income_with _income,birth_income_less_10K,birth_income_10_15K,birth_income_15_25K,birth_income_25_35K,birth_income_35_50K,birth_income_50_65K,birth_income_65_75K,birth_income_more_75K,trans_tot,trans_car_truck_van_alone,trans_car_truck_van_pool,trans_public,trans_walked,trans_taxi_bike_other,trans_worked_home,occupation_tot,occupation_manage_bus_science_arts,occupation_service,occupation_sales_office,occupation_resources_construct_maint,occupation_production_transport,occupation_military,industry_tot,industry_ag_forestry_fish,industry_construction,industry_manufact,industry_wholesale,industry_retail,industry_trans,industry_information,industry_finance_insure_realestate,industry_professional_scientific_management,industry_education_health_care,industry_arts_entertatinment,industry_other_services,industry_public_admin,industry_military,FIPS,brewery_count,winery_count,craft_distillery_count,tot_k_pop,breweries_k_pop,wineries_k_pop,distilleries_k_pop,google_brewery_count,google_winery_count,google_distillery_count
tot_pop,1.0,0.999922682924389,0.9999265219996087,-0.0743677318295019,-0.10270973804022282,-0.05639391121978724,0.9996166030357698,0.9989782114116077,0.9989431290403599,0.9985522264389263,0.9871281546243986,0.7229521540967724,0.9949692257832506,0.9966959035849386,0.9810983587385379,0.9666517779662516,0.9920314529843661,0.9909742331382986,0.9689540015783494,0.9972494210753627,0.9893557400902592,0.9961991293128457,0.9942114581866727,0.9917213621758552,0.9917794600321262,0.9892151503077997,0.9894108857910866,0.9903577670964488,0.9848909643445796,0.9690313790798561,0.9986002024986582,0.9909869732407454,0.9874055908041902,0.5614782940657718,0.8096000351728608,0.9636223147479668,0.9815993868498724,0.9985272289201416,0.9921052983364019,0.9966928025839279,0.998177071320275,0.9871565089243811,0.9719247948935534,0.7287613535123542,0.9985272289201416,0.8304985296885695,0.9829221150145647,0.9168334248401339,0.9930557524957195,0.9971897410937217,0.9904613727047475,0.9632445328885317,0.9837119526176332,0.9876756900461946,0.9868587003259678,0.9893214419086821,0.9979639193021826,0.9556537849584601,0.721148157594077,-0.09211630316987388,0.757762866385687,0.7417106852933386,0.7553792570308323,1.0000000000000004,-0.21822635527608178,0.22094670537811345,-0.28278490503714715,0.5792621800933585,0.29328661732689065,0.6901504205208406
male_pop,0.999922682924389,1.0,0.9996984700892653,-0.07870784037635441,-0.10636865856179913,-0.061160295089724676,0.9993216912877382,0.9988973593152399,0.9988449973661405,0.9984736928912513,0.986810691509265,0.725025804874035,0.9943091884806354,0.9964200071847005,0.9822785825465784,0.9647154763690757,0.9925429674415017,0.9909891832339264,0.9677479259997582,0.9971002630988929,0.990018376096671,0.9958883370673586,0.9937922794186195,0.9916865850379685,0.9914242227812455,0.9886204811331536,0.9887440717299399,0.9898466363387363,0.9845595852982717,0.9693281989555946,0.998523488274648,0.9915189107542441,0.9890058392634283,0.5562043982276226,0.8067583384110715,0.9651200038712927,0.9826817075357313,0.9984446536701911,0.9918497694291517,0.9963641376808154,0.9978799439656223,0.9883227744124131,0.9721846737888922,0.7305938289309115,0.9984446536701911,0.8360190019763043,0.9835467008166697,0.9175771377278943,0.9937077919671646,0.9968807883076395,0.9902034220469839,0.9635142169173729,0.9825480813849705,0.9878645496345779,0.9856750370242326,0.9893866631984499,0.9981810245112238,0.9550926015348882,0.7232305667726197,-0.09279456824726956,0.7594137352917966,0.7466438043788254,0.7563311030849619,0.9999226829243899,-0.2151798928348685,0.2253724165161543,-0.2798076213253767,0.5778293807474055,0.29041869184381147,0.6877493011552218
female_pop,0.9999265219996087,0.9996984700892653,1.0,-0.07012567245317829,-0.09912752153697092,-0.05173896934757073,0.999755306017375,0.9989083316490042,0.9988900996349699,0.998480149828882,0.9872907009074121,0.7208230267171143,0.9954645661099311,0.9968165040516584,0.9798017704456738,0.968395509869568,0.9913851339656536,0.9908121512414316,0.9699855240976928,0.9972463871806947,0.9885624972992756,0.9963538222198279,0.9944721084323078,0.9916076460606768,0.9919781383823005,0.9896476224911385,0.9899136598606378,0.9907086311036803,0.9850674096931894,0.9685977803849984,0.9985263451650452,0.9903209001136495,0.9856985992699386,0.5665360170517038,0.8122497761554492,0.9620188441740279,0.9803981656228504,0.9984590961169129,0.9922067267060769,0.9968648453108032,0.9983181484797609,0.9858726262490548,0.9715267777216072,0.7268664731607539,0.9984590961169129,0.8249932322898528,0.9821669234232894,0.9159719386322454,0.9922722890707173,0.9973424933352127,0.9905654066376076,0.9628382491706631,0.984700135153289,0.9873445620764562,0.9878657089219334,0.989110598754623,0.9976037244474515,0.9560586089371637,0.7190107605436268,-0.09144137939546071,0.756040709691205,0.7367911900528659,0.754338903177275,0.9999265219996086,-0.22116374039020112,0.2165993771766689,-0.28564524109581135,0.5805751650395833,0.2960397420516116,0.6923912520427935
median_age,-0.0743677318295019,-0.07870784037635441,-0.07012567245317829,1.0,0.9916573840908779,0.9947995147072347,-0.06008531598105479,-0.07344884048913657,-0.07231246509744997,-0.07469193768048471,-0.04431498299027168,-0.19303275225551575,-0.036840054561063415,-0.05790254794359141,-0.11781578749569374,0.010125675994335056,-0.07991541163736435,-0.0673541474613704,-0.038972886468280094,-0.06624521911929523,-0.10767839262111457,-0.05780109197082361,-0.06325877747753454,-0.053095136590492205,-0.04715503274593877,-0.0435780670598265,-0.04521950841741215,-0.05771659141872372,-0.05961494945329985,-0.08190789766394661,-0.07614413617595571,-0.07536059099478062,-0.12125318864624948,-0.005154915809005492,-0.026172100227328937,-0.10904016072702495,-0.08256664896719669,-0.0759945525013429,-0.07343809132078997,-0.060404167282502315,-0.06696260372544639,-0.12019765157968683,-0.08296589678838139,-0.19563848761873887,-0.0759945525013429,-0.26533370637252796,-0.11426642803255581,-0.05816729982047391,-0.08621603749522483,-0.05631425906923078,-0.09664644873062045,-0.09320202740704524,-0.04734686710148052,-0.08177582599401209,-0.04486981244739386,-0.06181100570731202,-0.08961223946970938,-0.10145408428091862,-0.19265535244688278,0.12734998206418893,0.028964845268436356,-0.10501128572152564,-0.024953514220701915,-0.0743677318295019,0.2549848405860228,0.14044726550047876,0.2473122000600595,0.06435346123887785,0.2644991350170065,0.015166324880127523
median_age_male,-0.10270973804022282,-0.10636865856179913,-0.09912752153697092,0.9916573840908779,1.0,0.9743016296604085,-0.08876676130642733,-0.10106085143037775,-0.0999368550400522,-0.10210913283438904,-0.07382644614974943,-0.21136848160010085,-0.06718938325439058,-0.08362033166874533,-0.13999452496398196,-0.02060511880391729,-0.10179473416310349,-0.0915340905603149,-0.06760543460869245,-0.09190238234911768,-0.13094711124470082,-0.08386741149848323,-0.08999689646590062,-0.0777366593029759,-0.07210606445454212,-0.06957172232751044,-0.07194007233034935,-0.08504984527715863,-0.08646426489815617,-0.10649779833653646,-0.10354616792138527,-0.10229256889909165,-0.14348483545466403,-0.03136483539613723,-0.050706359128351745,-0.123981698595888,-0.1006689812527435,-0.10346376150236623,-0.1015165906392904,-0.08686626055470224,-0.09446608498925903,-0.14359168047165763,-0.11162948962721099,-0.21529060630434463,-0.10346376150236623,-0.26921522646142376,-0.13887125836631165,-0.08613073001163264,-0.11114177412220155,-0.08354932719757938,-0.1240069936264316,-0.11650033393792987,-0.07731381940231728,-0.10604811675672973,-0.07711164083974154,-0.0834846381013898,-0.11528402754404418,-0.13239637415376976,-0.21091848584860298,0.12245818889814782,0.025532046122805133,-0.10563482217726089,-0.025702646665824717,-0.10270973804022288,0.32337464074381245,0.16931976446431657,0.319450111873088,0.024096764400751765,0.2133520869850378,-0.0005344391056126436
median_age_female,-0.05639391121978724,-0.061160295089724676,-0.05173896934757073,0.9947995147072347,0.9743016296604085,1.0,-0.04194007342431192,-0.05610227880481443,-0.05496315323420741,-0.057376259114907784,-0.02686826110258147,-0.18089364127933455,-0.017430385243462146,-0.041185797459460605,-0.1032805801878638,0.03116761875078419,-0.06544045388592941,-0.052546575209749535,-0.02185461879009982,-0.04954621812522121,-0.09254023047764505,-0.04083453034308377,-0.045351628297980104,-0.036450335429041344,-0.030348560038665456,-0.02609165268582671,-0.027436177785490116,-0.040354751263971984,-0.043197556965476044,-0.06767828754341343,-0.05880708601539897,-0.05844056553780332,-0.10755542118710523,0.013065586480047988,-0.010297187182097201,-0.10054534119880879,-0.07234015562591427,-0.058620237372581825,-0.056300487138190615,-0.0437149306237816,-0.04950333735593208,-0.10466548247629762,-0.06347279003162255,-0.1827034952073226,-0.058620237372581825,-0.2590794184413635,-0.09840640209873515,-0.03984910433927156,-0.07046432500218817,-0.03894521253961131,-0.07864298079085248,-0.07896206089307736,-0.02854878273495385,-0.06786277476561768,-0.024073260406208975,-0.04908858709823603,-0.07346800668137111,-0.08206419550993395,-0.18056798390765363,0.13097432655381383,0.02842077525869349,-0.10610299769473394,-0.026149201173459282,-0.056393911219787256,0.2012663202504063,0.11830310182438228,0.19054972262601283,0.08529427570178864,0.2937995991634716,0.020196985201068288
employ_status_tot,0.9996166030357698,0.9993216912877382,0.999755306017375,-0.06008531598105479,-0.08876676130642733,-0.04194007342431192,1.0,0.9987658071362361,0.9987697289787572,0.9982143975929642,0.9888111365211664,0.7179873394712606,0.9963714045504357,0.9973547329781648,0.9782335299531166,0.9694369317717404,0.991771141826496,0.9917069072925849,0.9721272205423054,0.9975024157229776,0.9878071485286225,0.9968110387305914,0.9944599210438527,0.9924158866116084,0.992446180076751,0.990063433601583,0.990366090634674,0.9908018426554487,0.9857906356352383,0.9695095345934257,0.9981891178207714,0.9890970608760609,0.9841024028680793,0.5706588927494836,0.8164322986089,0.9641410436214878,0.9817488284478693,0.9981272808824347,0.9922952631298851,0.9975320042692524,0.9982166144719725,0.9834100011204512,0.9695837157298907,0.7231941903898025,0.9981272808824347,0.818115027373668,0.9793601370004678,0.9144277310632837,0.9913984936840133,0.9973437068297938,0.989045974165058,0.9644617599106128,0.9851231642434064,0.9880520865535305,0.9879907644025344,0.99050537042425,0.9971242892383937,0.9558210528392049,0.7162143089229338,-0.09419160302632613,0.7626015614500992,0.7405469050819466,0.7570080452659773,0.9996166030357696,-0.21641389195125657,0.22160027941825133,-0.28255747072183296,0.5815804479213864,0.2996464681592906,0.6934277813020022
employ_status_working,0.9989782114116077,0.9988973593152399,0.9989083316490042,-0.07344884048913657,-0.10106085143037775,-0.05610227880481443,0.9987658071362361,1.0,0.9999842409150043,0.9998699105093554,0.9850346283139474,0.7213032384998594,0.9909143964235374,0.9972830073511056,0.9780659637289206,0.9660819806875944,0.9906528525304741,0.9948447671778604,0.9762587116650417,0.9978071599648151,0.9868324141442576,0.9973703533573848,0.9935533409517657,0.9892563882443002,0.9897056152528126,0.9884801459035705,0.9906928216554236,0.994538935714536,0.9910579350751232,0.9763369182229258,0.9998118654889747,0.9897753995471367,0.9855619633919365,0.5767777936402053,0.8223693658591729,0.9638251358887526,0.9830744692800687,0.9998066795357979,0.9962663585945017,0.9969152647743225,0.9978727293781982,0.9842651952411333,0.9722175174719344,0.727076339184155,0.9998066795357979,0.8244295529014078,0.9810626986047275,0.9194308419357583,0.993477251606483,0.9960872784920036,0.9906543852024231,0.9677926217134354,0.986648017170934,0.990345222234361,0.990429350751499,0.9881093389298342,0.9978382230575163,0.9577171956664966,0.7195004840754088,-0.09432370246825271,0.7704376685100193,0.7445147256166148,0.7624326400494432,0.9989782114116076,-0.20415624240990204,0.22780346707612484,-0.276627455185414,0.5871046877419628,0.3004044183939335,0.700450584380908
employ_status_working_civ,0.9989431290403599,0.9988449973661405,0.9988900996349699,-0.07231246509744997,-0.0999368550400522,-0.05496315323420741,0.9987697289787572,0.9999842409150043,1.0,0.9998834229962585,0.9850754568524536,0.7174034489899377,0.9909520216010739,0.9972799788996972,0.9777117932101419,0.9665721198735572,0.9904749337761215,0.9947398049225913,0.9763134116516404,0.997787837858104,0.9865708608903981,0.9973994293538585,0.9936254682551257,0.9891830934954355,0.9897102717131899,0.9885277098082585,0.9907842970495918,0.9947041689199051,0.9912658059360222,0.9762248502928811,0.9997974759427164,0.9895755310373715,0.9850592300241031,0.5782088745813068,0.8235914454442311,0.9635784287698591,0.982699307463874,0.9997875081839037,0.9962191597691784,0.9969802147968007,0.9979185959545194,0.9838356945221651,0.9724993348906222,0.7232635052706942,0.9997875081839037,0.8237131701125757,0.9806565417359894,0.9199796008041514,0.9935824378113858,0.9960928373426453,0.990784457100531,0.9677355487961539,0.9869245871621992,0.9900083475374877,0.9907999889061833,0.9879994921427341,0.9976489695295656,0.9567745194870342,0.7155902870707105,-0.09443217672666904,0.7695440485185687,0.7438052437888126,0.7619625789922851,0.9989431290403599,-0.2048690982189521,0.2272443314642824,-0.27710337382504635,0.5868397198234665,0.3000373208231073,0.7000844448074233
employ_status_working_civ_employed,0.9985522264389263,0.9984736928912513,0.998480149828882,-0.07469193768048471,-0.10210913283438904,-0.057376259114907784,0.9982143975929642,0.9998699105093554,0.9998834229962585,1.0,0.9823324838138069,0.7175983712118262,0.9896441665499407,0.9971255390629976,0.9767698774230194,0.967405354763733,0.9900547218977059,0.994547407742216,0.97593650607679,0.9976820181820589,0.9854711598999818,0.9974922583596926,0.9937514279563361,0.988312987681588,0.9896075725012076,0.9889922366022612,0.9916018887530123,0.995618106444712,0.9916853860654454,0.9757299112581012,0.9999656691365544,0.9899490970118664,0.9848439281932485,0.5782735637412824,0.8234606800887493,0.9614441357147654,0.9817732061822824,0.9999660829964511,0.9964933830219598,0.996601381402472,0.9979450798533213,0.9845836068425274,0.9731080601436419,0.723788389213926,0.9999660829964511,0.8259625719948083,0.982133320558067,0.9202299334903105,0.9934385957804953,0.9961923656212198,0.9913638961646265,0.9659599674646726,0.9874927840541027,0.9894192478567544,0.9915280198357398,0.9869106758339604,0.9975151824962838,0.9568887190418947,0.7157741995233491,-0.09178443092311628,0.7695278410662233,0.7388678772156592,0.7632380466699753,0.9985522264389262,-0.20295732832389626,0.22618415373550402,-0.27633785337431616,0.5903147872768435,0.301032047776051,0.7026928778582463
employ_status_working_civ_unemployed,0.9871281546243986,0.986810691509265,0.9872907009074121,-0.04431498299027168,-0.07382644614974943,-0.02686826110258147,0.9888111365211664,0.9850346283139474,0.9850754568524536,0.9823324838138069,1.0,0.7035564470696413,0.989603396877501,0.9828264239416934,0.9724530270433642,0.9414834004197385,0.9791278681739083,0.980755383069455,0.9647081290321804,0.9827779525508997,0.9829469097665317,0.9801565324414531,0.9760703811516875,0.9829285518952454,0.9747963792384976,0.9672388181429349,0.965478745496994,0.9682488805024937,0.9704391241305754,0.9659515686204846,0.9816660755215824,0.9692950035880508,0.9714902066236197,0.5680902958915455,0.8116914875999133,0.9719905522721871,0.977181277490604,0.9815392401333913,0.9769506151345687,0.9850610622611042,0.9814151609046833,0.9594284580950928,0.9498452084265308,0.7056017645415645,0.9815392401333913,0.7849801823740341,0.9480845936727333,0.9022183991734092,0.979069459550422,0.9787956384782751,0.968163540416823,0.9720364950735444,0.9644930800062498,0.9805726902902211,0.966503779618061,0.9842296415218874,0.9829566085585142,0.9399504127353409,0.7018968390033344,-0.12274612421147195,0.757230365763221,0.7873845695121774,0.7352112660401305,0.9871281546243984,-0.2230932154863253,0.2355053104795401,-0.2812331067422221,0.5398900118257939,0.28481618122114977,0.661340448122687
employ_status_working_military,0.7229521540967724,0.725025804874035,0.7208230267171143,-0.19303275225551575,-0.21136848160010085,-0.18089364127933455,0.7179873394712606,0.7213032384998594,0.7174034489899377,0.7175983712118262,0.7035564470696413,1.0,0.7081813156264269,0.7177781442904871,0.7472752164041991,0.6344904300608575,0.7345852125124173,0.7285999301594216,0.6955320669498106,0.7201653756279304,0.7421550836945279,0.713880194204062,0.7058230751106214,0.720673002440486,0.7113791776693594,0.7052040570119967,0.7013783261670703,0.6950454297337302,0.6872810566409465,0.7161627820424877,0.7209989397974683,0.7366619894310404,0.7709959960284658,0.23835528547706492,0.4408086677601852,0.7237729964855986,0.75346786395935,0.7215851491591669,0.7224961869694129,0.7091269793043097,0.7121700990200577,0.761028311147642,0.6646051132015083,0.9934250643611031,0.7215851491591669,0.6814422560640134,0.7558445937277828,0.5936994977920874,0.7016898036738641,0.7158585551291219,0.6965889567540374,0.7032315321456947,0.6756332077246344,0.7539745951509591,0.6667479863482005,0.7243573525882628,0.7411524648708704,0.8052421438866746,0.9999871636251804,-0.05446994191137537,0.6644687785122415,0.6231034209475727,0.6064550649755255,0.7229521540967723,-0.05891533518345747,0.23285403865131832,-0.14027951806587485,0.4538362914740106,0.26089848111593256,0.5476502443501021
employ_status_not_working,0.9949692257832506,0.9943091884806354,0.9954645661099311,-0.036840054561063415,-0.06718938325439058,-0.017430385243462146,0.9963714045504357,0.9909143964235374,0.9909520216010739,0.9896441665499407,0.989603396877501,0.7081813156264269,1.0,0.9917492900956393,0.97290214608724,0.9696180751628704,0.9879911931918405,0.9806338556456642,0.9594639078169416,0.991250993934805,0.98380396703718,0.9901273480300049,0.9903017376857368,0.9921301153245744,0.991442337018388,0.9870901292491554,0.9841179794276971,0.9787071243574985,0.971102489356414,0.9522414899454404,0.9896751795396483,0.9822537124034997,0.9759490149575584,0.5568957441149492,0.8015691346486341,0.9591448033230102,0.9738384474258488,0.9895166188434958,0.979790973372237,0.9928594962346136,0.9930726024083817,0.9762962514491755,0.959501499670371,0.7123879172292052,0.9895166188434958,0.8025953741299608,0.9708175721762734,0.9006021829005547,0.9821421240698541,0.9937684713380264,0.9806091176673088,0.9532144578646853,0.9768520264120705,0.9784475726754653,0.978137353862647,0.9889222712800023,0.9901738390269148,0.94708195895,0.7064694043380046,-0.0934242393046102,0.7447933221570963,0.7294941559761726,0.7433643763608514,0.9949692257832513,-0.23617600471890385,0.209697529004159,-0.2910964508056714,0.569442856888831,0.29696159852114307,0.6782105616154014
birth_ed_tot,0.9966959035849386,0.9964200071847005,0.9968165040516584,-0.05790254794359141,-0.08362033166874533,-0.041185797459460605,0.9973547329781648,0.9972830073511056,0.9972799788996972,0.9971255390629976,0.9828264239416934,0.7177781442904871,0.9917492900956393,1.0,0.9768724857975725,0.9750340646725139,0.9942555927662167,0.9938795582264769,0.9750558964858698,0.9998640872462384,0.9876701656717932,0.9996652015203973,0.9973260067191626,0.9948619493774781,0.9957016803015317,0.9940280337893267,0.9944306942226732,0.9938980844793216,0.9883564772129455,0.9702434190838845,0.9971562040168244,0.9878235729840158,0.9816039944166532,0.5724192948253944,0.8161530914689442,0.9619234148807244,0.981975724331548,0.9971216011069971,0.9917304541254965,0.9964262060565277,0.9971234028818428,0.9808535084459472,0.9687586216141526,0.7232153766952004,0.9971216011069971,0.8121754896861971,0.9778133224688853,0.9129434952778694,0.9893469196242921,0.996507279371182,0.988734549176047,0.9623714773548889,0.9857490443939887,0.9870278881310881,0.9877339209252789,0.9903192473968263,0.9951361810774613,0.9529288840704536,0.7160432819904882,-0.11954331972134435,0.7678660241123408,0.7356176411130176,0.7618423023707451,0.9966959035849386,-0.2029407495108706,0.22759963189081614,-0.26976994137640603,0.5841352057053383,0.30397383326355437,0.6951922280226666
birth_ed_less_than_high,0.9810983587385379,0.9822785825465784,0.9798017704456738,-0.11781578749569374,-0.13999452496398196,-0.1032805801878638,0.9782335299531166,0.9780659637289206,0.9777117932101419,0.9767698774230194,0.9724530270433642,0.7472752164041991,0.97290214608724,0.9768724857975725,1.0,0.9210941475029563,0.976124566332042,0.9712438512392332,0.9414697805516251,0.9791574247931147,0.9955850472341471,0.9733004497211356,0.9721586690739583,0.9804444091963663,0.9698696444067905,0.9588184863706546,0.9550026886504257,0.958825303535391,0.9564534278361803,0.9583363749248809,0.976715851329873,0.9690638882922833,0.9861881972992144,0.5286576609642246,0.7740137595609499,0.969793738470144,0.9705888830665974,0.976549195174403,0.9677375777398513,0.9773579734606103,0.974019679198775,0.9835879543889007,0.9430972436024114,0.7502504439034418,0.976549195174403,0.8762266298009229,0.9735047331434397,0.8794634011791556,0.9783552233044156,0.971524030408767,0.9689528625475288,0.9617444928039824,0.9513233733504032,0.9726834335910204,0.953238772746844,0.9745149749074535,0.9851654511407616,0.9362420554101839,0.7454082015287453,-0.1294779861983929,0.7115401834856293,0.7924189370394292,0.7280446181516455,0.9810983587385382,-0.21474836166003153,0.23299826256067627,-0.24744954097894337,0.4853867894392803,0.230566232621283,0.6103799143017417
birth_ed_high,0.9666517779662516,0.9647154763690757,0.968395509869568,0.010125675994335056,-0.02060511880391729,0.03116761875078419,0.9694369317717404,0.9660819806875944,0.9665721198735572,0.967405354763733,0.9414834004197385,0.6344904300608575,0.9696180751628704,0.9750340646725139,0.9210941475029563,1.0,0.9614681626555076,0.9534055296311247,0.937275506550309,0.9730253553412808,0.9390295616763333,0.9772486009638317,0.9817175847946324,0.9693682279432098,0.9822060708375816,0.9875653889438477,0.9867878914051303,0.974991976052251,0.9575659932914516,0.9110635794359281,0.9677301863727749,0.9646585140412561,0.932042326389179,0.5553281315963918,0.7886535728172397,0.8891373497943383,0.9264992699161391,0.9676998416976639,0.9559758885165355,0.9659841497597488,0.9733693615163093,0.9434339564551066,0.9602361122163454,0.6442587865520814,0.9676998416976639,0.7392721833318345,0.9468507697309405,0.9054880099966542,0.9539771948097113,0.9767936878206895,0.9694793597722567,0.8957231325923124,0.9657479930601321,0.9373427427933767,0.9724900914153317,0.955441913427882,0.9572310379533128,0.911134489194098,0.6327226051176695,-0.09144789785986117,0.7213484785573838,0.605102823010657,0.717964723591338,0.966651777966252,-0.24193431347785402,0.14134100059877544,-0.3099556110681106,0.6104987971165218,0.3308802232139616,0.7045904695998781
birth_ed_some_coll,0.9920314529843661,0.9925429674415017,0.9913851339656536,-0.07991541163736435,-0.10179473416310349,-0.06544045388592941,0.991771141826496,0.9906528525304741,0.9904749337761215,0.9900547218977059,0.9791278681739083,0.7345852125124173,0.9879911931918405,0.9942555927662167,0.976124566332042,0.9614681626555076,1.0,0.9859507732637443,0.9551799339338249,0.994473386318509,0.9864483691318172,0.9934566175399636,0.9925846541866801,0.9949110320249307,0.9945791190188267,0.9913004013661179,0.9888504035363165,0.9824757674406381,0.974457170465103,0.9551772958130548,0.9903395683810031,0.9891736591219332,0.9867170553745808,0.5121632609158379,0.7733166800893814,0.9642411774799593,0.9848703714535887,0.9902081373086109,0.9800270529770456,0.9894270977043449,0.9913786899216206,0.9829426831622795,0.9675042174642656,0.739258285730585,0.9902081373086109,0.8345242798952907,0.9753297833310526,0.9167991098159588,0.9856753770414179,0.9924282313639452,0.9791735980540714,0.9500225284513443,0.9709189950257529,0.9798129530485452,0.9707841338316318,0.9898074994242798,0.9904658831172394,0.9415694348966394,0.7330252591517598,-0.12936172942450994,0.7663451143812073,0.7543734045076306,0.7627934717310663,0.9920314529843662,-0.19724013076729188,0.25771094921476445,-0.25824412719477385,0.5837970769499213,0.29256902255219136,0.6764882230945173
birth_ed_batchelors,0.9909742331382986,0.9909891832339264,0.9908121512414316,-0.0673541474613704,-0.0915340905603149,-0.052546575209749535,0.9917069072925849,0.9948447671778604,0.9947398049225913,0.994547407742216,0.980755383069455,0.7285999301594216,0.9806338556456642,0.9938795582264769,0.9712438512392332,0.9534055296311247,0.9859507732637443,1.0,0.986365528290521,0.9939181758166218,0.9830490839129452,0.993470521474479,0.9850346263143503,0.982712377991067,0.9814831310634026,0.9798449350851264,0.9840107785984934,0.9921578904898626,0.9938281726284054,0.9872739671220448,0.99435572003453,0.9786464698436348,0.9785790792035693,0.5985451288284985,0.836637984070478,0.9723789067935316,0.9892540087303021,0.9943987668315114,0.996532770132722,0.9924844735312537,0.9914230299510246,0.9725990412104615,0.953848390284948,0.7332015204631495,0.9943987668315114,0.8042485794674126,0.970743500550511,0.8997428207800918,0.9884412774365231,0.9884359368058445,0.9821324842084431,0.9779919258086373,0.9867043587140878,0.9950589624821836,0.9850871134024319,0.985286157076374,0.9923672138520564,0.9565138152477711,0.7269084465870223,-0.11967116980594461,0.7972170001811806,0.7618205023438108,0.7737099687980286,0.9909742331382985,-0.16270641541084377,0.25653291662181854,-0.24723453983244192,0.5875490141863292,0.31212283319795936,0.7064204751151364
birth_ed_graduate,0.9689540015783494,0.9677479259997582,0.9699855240976928,-0.038972886468280094,-0.06760543460869245,-0.02185461879009982,0.9721272205423054,0.9762587116650417,0.9763134116516404,0.97593650607679,0.9647081290321804,0.6955320669498106,0.9594639078169416,0.9750558964858698,0.9414697805516251,0.937275506550309,0.9551799339338249,0.986365528290521,1.0,0.9743025776772212,0.9567472672752082,0.975241083048374,0.9639067517073097,0.9554692287302946,0.9534902908711222,0.9543611538268507,0.9637394700415887,0.9803791254782739,0.9898991470433963,0.9889492423807372,0.9752242637290082,0.9426043261920343,0.9401571676076468,0.6951813855489009,0.8931228163146508,0.9512039434336008,0.9634271473200754,0.9754754908796468,0.987882948751653,0.9770849534221823,0.9693384465366445,0.9328201846021259,0.9210541559937382,0.6979313186830206,0.9754754908796468,0.7251816691568652,0.9357181024049307,0.8662082000180121,0.9569161562507275,0.9629328729752312,0.9588100836241233,0.977618210505436,0.9784758059286063,0.9830773337270743,0.9814554784746011,0.9625687595522511,0.9712046985398899,0.9576981697187699,0.6937869368317068,-0.12406792363506887,0.7962733661805212,0.7407736551174515,0.776861998026706,0.9689540015783497,-0.158517400395933,0.24834590990821395,-0.2466182136435822,0.5857886818926702,0.3250210364852011,0.7291493202528146
birth_income_tot,0.9972494210753627,0.9971002630988929,0.9972463871806947,-0.06624521911929523,-0.09190238234911768,-0.04954621812522121,0.9975024157229776,0.9978071599648151,0.997787837858104,0.9976820181820589,0.9827779525508997,0.7201653756279304,0.991250993934805,0.9998640872462384,0.9791574247931147,0.9730253553412808,0.994473386318509,0.9939181758166218,0.9743025776772212,1.0,0.9889930899767629,0.9995638392426993,0.9973976475255879,0.9947634013065804,0.9951840138840635,0.9933125261665777,0.9937826161705947,0.993892339048345,0.988510704000799,0.9711203177677419,0.997705944311409,0.9887446312265753,0.9836668565847597,0.5696837270110232,0.8147084520838539,0.9625619070031706,0.9822915432355124,0.9976758883059681,0.9922130123830643,0.9963534869777869,0.9971489096435863,0.9828480904414487,0.9704048172831602,0.72566938604404,0.9976758883059681,0.8190731227442516,0.9793860175573385,0.9153059663273759,0.9904540853938366,0.996334818742803,0.9893702000802387,0.9631903583585125,0.9849856930310997,0.9872813748290102,0.987675191195887,0.9898241818222222,0.995964479340898,0.9531257648459921,0.7184068133951225,-0.11870438817922545,0.7661678936453044,0.7393794283541509,0.7614634408955447,0.9972494210753629,-0.2039172074156845,0.2283856668043706,-0.2699439761790062,0.5814876451203816,0.2992886900006279,0.693230278375523
birth_income_none,0.9893557400902592,0.990018376096671,0.9885624972992756,-0.10767839262111457,-0.13094711124470082,-0.09254023047764505,0.9878071485286225,0.9868324141442576,0.9865708608903981,0.9854711598999818,0.9829469097665317,0.7421550836945279,0.98380396703718,0.9876701656717932,0.9955850472341471,0.9390295616763333,0.9864483691318172,0.9830490839129452,0.9567472672752082,0.9889930899767629,1.0,0.9841921441504387,0.9818713383043731,0.9880517557353138,0.9813218829253987,0.9720774289937976,0.9688063067691862,0.9711953327650474,0.9686792517441283,0.9664761470963412,0.9855300033052221,0.9763974917729213,0.9880511528311142,0.5464445872740228,0.7870885987224864,0.975773783873783,0.9807154530860479,0.9853254562041259,0.9775007829794079,0.987106792619036,0.9854177590017997,0.9840518126957345,0.9480995579455459,0.7468017290430814,0.9853254562041259,0.8495848929298108,0.9767285633198655,0.8829083537891258,0.9851542576864247,0.982914968127984,0.979445049705835,0.9677998589014742,0.967204169811765,0.9837729753323863,0.9638996409447699,0.9857018525590631,0.9915106049869372,0.9464480852722507,0.7403144933233933,-0.14215252750942708,0.7263900017062346,0.7755358349844551,0.7347470033021145,0.9893557400902592,-0.21545741814296704,0.22981947184800391,-0.256930010588364,0.5152889282123666,0.24936412657600732,0.6319501628737905
birth_income_with _income,0.9961991293128457,0.9958883370673586,0.9963538222198279,-0.05780109197082361,-0.08386741149848323,-0.04083453034308377,0.9968110387305914,0.9973703533573848,0.9973994293538585,0.9974922583596926,0.9801565324414531,0.713880194204062,0.9901273480300049,0.9996652015203973,0.9733004497211356,0.9772486009638317,0.9934566175399636,0.993470521474479,0.975241083048374,0.9995638392426993,0.9841921441504387,1.0,0.997870371594783,0.9934837313703265,0.9953304110615142,0.9949354308942501,0.9961509965067705,0.9958055014288717,0.9898660968381311,0.9694902511308003,0.9975091523063365,0.9886056044733725,0.9802017509953084,0.572822054503679,0.8180759709470204,0.9573904634697962,0.9800197001186014,0.9975140023426242,0.9925369045841528,0.9955756039344115,0.996864808052607,0.980019955566555,0.972301634066656,0.7195408349179891,0.9975140023426242,0.810826583482388,0.9773376556714409,0.9193622066151469,0.9889039755273554,0.9963899104957434,0.9887461182510663,0.9597342194763995,0.9859412193961672,0.985382065381282,0.9898199915833314,0.9880407120857562,0.9942310154425699,0.9519489493268047,0.7121426344451962,-0.11371178990101981,0.7720898605490104,0.730216105835008,0.7647908423041091,0.996199129312846,-0.20107695885923305,0.2274981422658331,-0.2718306759615916,0.5932097491266722,0.30849455433362744,0.7036747156513107
birth_income_less_10K,0.9942114581866727,0.9937922794186195,0.9944721084323078,-0.06325877747753454,-0.08999689646590062,-0.045351628297980104,0.9944599210438527,0.9935533409517657,0.9936254682551257,0.9937514279563361,0.9760703811516875,0.7058230751106214,0.9903017376857368,0.9973260067191626,0.9721586690739583,0.9817175847946324,0.9925846541866801,0.9850346263143503,0.9639067517073097,0.9973976475255879,0.9818713383043731,0.997870371594783,1.0,0.9947320070645337,0.9970145757236366,0.9963606305735614,0.9956638620778143,0.9912546922381356,0.9816237963085083,0.9554131058397463,0.9938476039588685,0.9882612820623735,0.9772371213099978,0.5561335661202519,0.8041064975910004,0.9464090614571973,0.9710337149787847,0.9938343626810108,0.9851368155784537,0.9915346611255929,0.9940784900032716,0.9800058894074691,0.9769279694225645,0.7123482674572302,0.9938343626810108,0.8151650859142913,0.9761753207405216,0.925273793930868,0.9847615892825188,0.9948580913208633,0.9870527340797737,0.9474273825538502,0.9790380381842403,0.9752613781503756,0.9865348447084435,0.9834709337233496,0.9904306670745071,0.9428442437788487,0.7040232035713394,-0.11085983917834348,0.7545483735497982,0.7156414087971951,0.7594249799060622,0.9942114581866734,-0.21725222400247646,0.21706191692500099,-0.2774477562278936,0.5857337116066128,0.29398395335413224,0.6989894751587635
birth_income_10_15K,0.9917213621758552,0.9916865850379685,0.9916076460606768,-0.053095136590492205,-0.0777366593029759,-0.036450335429041344,0.9924158866116084,0.9892563882443002,0.9891830934954355,0.988312987681588,0.9829285518952454,0.720673002440486,0.9921301153245744,0.9948619493774781,0.9804444091963663,0.9693682279432098,0.9949110320249307,0.982712377991067,0.9554692287302946,0.9947634013065804,0.9880517557353138,0.9934837313703265,0.9947320070645337,1.0,0.9965185700750097,0.9914252751867391,0.9872460782388495,0.9793048525245049,0.9705694918968825,0.9514125905059617,0.9883064168562246,0.9855260912878093,0.9813393486497016,0.5236740102133476,0.7806877869553289,0.9610246180558697,0.9785483531886732,0.9882195769749276,0.9771609937931951,0.98943051817951,0.9900886188558677,0.9792537978853662,0.9657199829538973,0.7238249411224502,0.9882195769749276,0.821135236403107,0.9708309629961148,0.9123589668204337,0.9829736966856865,0.9915981394166392,0.9774241089463098,0.9523896222316272,0.9693931917865853,0.9756825722298195,0.9725065855004438,0.988750741400563,0.9890356891385762,0.9372026511275511,0.7190339348270247,-0.1340576480004031,0.7513177958889986,0.7497287672277289,0.7414755234340397,0.9917213621758552,-0.21633731155531777,0.22479651242015403,-0.27239478060460537,0.5553187860090621,0.28918440044452964,0.6634272280776556
birth_income_15_25K,0.9917794600321262,0.9914242227812455,0.9919781383823005,-0.04715503274593877,-0.07210606445454212,-0.030348560038665456,0.992446180076751,0.9897056152528126,0.9897102717131899,0.9896075725012076,0.9747963792384976,0.7113791776693594,0.991442337018388,0.9957016803015317,0.9698696444067905,0.9822060708375816,0.9945791190188267,0.9814831310634026,0.9534902908711222,0.9951840138840635,0.9813218829253987,0.9953304110615142,0.9970145757236366,0.9965185700750097,1.0,0.9982628723052439,0.9948415918087434,0.985004049951032,0.9722217593198516,0.9442912512699383,0.9899826479635597,0.9890490650219341,0.9773485284224008,0.524500748759761,0.7779489118453495,0.9474767435942738,0.9730410576726539,0.9898685201712238,0.9776089997422952,0.9896682374634795,0.993725469381037,0.9800886455118251,0.9702309300178802,0.7182356023745746,0.9898685201712238,0.8134885417114905,0.9765814373936091,0.9134033289410359,0.9832218945694879,0.995936289258524,0.9841796720834433,0.9381878872113145,0.9768258282837333,0.9727336547716573,0.9772765186895109,0.9873276827735529,0.9879833639193188,0.9366767330285872,0.7097074887803427,-0.11856825550804886,0.7460149593188855,0.7052342484388403,0.7436627616480451,0.991779460032126,-0.21751728719951743,0.20842021405171093,-0.2771382853502882,0.5865037848433653,0.3033200513351489,0.6807472925631659
birth_income_25_35K,0.9892151503077997,0.9886204811331536,0.9896476224911385,-0.0435780670598265,-0.06957172232751044,-0.02609165268582671,0.990063433601583,0.9884801459035705,0.9885277098082585,0.9889922366022612,0.9672388181429349,0.7052040570119967,0.9870901292491554,0.9940280337893267,0.9588184863706546,0.9875653889438477,0.9913004013661179,0.9798449350851264,0.9543611538268507,0.9933125261665777,0.9720774289937976,0.9949354308942501,0.9963606305735614,0.9914252751867391,0.9982628723052439,1.0,0.9984554764588471,0.9885082156380128,0.9744588715529652,0.9411599120317254,0.9894501122691336,0.9882871083952783,0.9714082661689607,0.5324930494203526,0.7838779871807734,0.9359012378014738,0.967855475392773,0.9894037249712255,0.9782926779750792,0.9875412939408678,0.9926535343568789,0.9760050220421312,0.9730904908820773,0.7136415992741801,0.9894037249712255,0.8015530120521616,0.9749536545875799,0.9188410908855801,0.979691460055584,0.9950928820538334,0.9837931578216096,0.931070082934992,0.9786623375863476,0.9689919688816083,0.9808929278516322,0.9829010650483155,0.9846965280835684,0.9367201636896099,0.7035349065327935,-0.10782328921306734,0.7546291796620814,0.6834088592321366,0.7510863037688977,0.9892151503078,-0.2130887367073531,0.20185368602815038,-0.2817645220690171,0.6106429186499548,0.3184759621737948,0.702273861180716
birth_income_35_50K,0.9894108857910866,0.9887440717299399,0.9899136598606378,-0.04521950841741215,-0.07194007233034935,-0.027436177785490116,0.990366090634674,0.9906928216554236,0.9907842970495918,0.9916018887530123,0.965478745496994,0.7013783261670703,0.9841179794276971,0.9944306942226732,0.9550026886504257,0.9867878914051303,0.9888504035363165,0.9840107785984934,0.9637394700415887,0.9937826161705947,0.9688063067691862,0.9961509965067705,0.9956638620778143,0.9872460782388495,0.9948415918087434,0.9984554764588471,1.0,0.9942012271631614,0.9825688236018132,0.9503327841744479,0.9919343129586623,0.9867267893399531,0.9691032946390146,0.559240362386867,0.8052668019165499,0.9356765926650138,0.968390118988935,0.9919642126328212,0.9845144659046564,0.9888330840824799,0.9931548168382941,0.9736007916738687,0.9741425483362297,0.7099095859947304,0.9919642126328212,0.7956230232916849,0.9740264209460671,0.9223376741439666,0.9802920169614348,0.9944666727748204,0.9853377222567687,0.9370695357168897,0.9836234602955128,0.9723185967097204,0.9875306100747137,0.9806451460140406,0.9855263759920284,0.9420142075491899,0.6996695461147524,-0.10166419275855056,0.7680185332433827,0.6837964420585545,0.7629217975180677,0.9894108857910875,-0.20354550724392603,0.20658653534231516,-0.2806688095744306,0.6249122923779659,0.32971208300212196,0.7195108659365831
birth_income_50_65K,0.9903577670964488,0.9898466363387363,0.9907086311036803,-0.05771659141872372,-0.08504984527715863,-0.040354751263971984,0.9908018426554487,0.994538935714536,0.9947041689199051,0.995618106444712,0.9682488805024937,0.6950454297337302,0.9787071243574985,0.9938980844793216,0.958825303535391,0.974991976052251,0.9824757674406381,0.9921578904898626,0.9803791254782739,0.993892339048345,0.9711953327650474,0.9958055014288717,0.9912546922381356,0.9793048525245049,0.985004049951032,0.9885082156380128,0.9942012271631614,1.0,0.9959901608948458,0.9737643858966372,0.9955671215011856,0.9822028093620363,0.9700038894255838,0.6052465388579658,0.8409175341553404,0.9443689355018335,0.970953602191746,0.9956580549947341,0.9952252921082393,0.9907577954421761,0.9926637318064915,0.9716772617070619,0.9712755544340631,0.7031097454345098,0.9956580549947341,0.7978804306331487,0.9730401939609372,0.9212615981049603,0.985278985756789,0.9907537112820463,0.9885795848391119,0.956198500960566,0.9894058325244532,0.9819900666187826,0.9951247675990704,0.9771036353788788,0.9885484908013686,0.9511135419705372,0.6932073099124766,-0.09562201752272484,0.779032505956455,0.7079605737784984,0.773175449518103,0.9903577670964493,-0.18996216751934264,0.22338702944089722,-0.27215929182672355,0.6175129350206842,0.3232479726774765,0.7285547026677391
birth_income_65_75K,0.9848909643445796,0.9845595852982717,0.9850674096931894,-0.05961494945329985,-0.08646426489815617,-0.043197556965476044,0.9857906356352383,0.9910579350751232,0.9912658059360222,0.9916853860654454,0.9704391241305754,0.6872810566409465,0.971102489356414,0.9883564772129455,0.9564534278361803,0.9575659932914516,0.974457170465103,0.9938281726284054,0.9898991470433963,0.988510704000799,0.9686792517441283,0.9898660968381311,0.9816237963085083,0.9705694918968825,0.9722217593198516,0.9744588715529652,0.9825688236018132,0.9959901608948458,1.0,0.988025930114984,0.9911648717044605,0.9709321591953775,0.96468168285117,0.634934921706193,0.8642101261649682,0.9535430638844867,0.9722199127409227,0.9912963624412406,0.9965995401552787,0.9874615179263939,0.9853544330323593,0.9604715013655643,0.9587225544537213,0.6923053404875468,0.9912963624412406,0.7861709322908227,0.9600855512102379,0.9122368386302799,0.9811575607548747,0.9810051579993596,0.979888902665532,0.9710011064116791,0.9851574010873669,0.9859208126526717,0.991943091838223,0.9730276771996329,0.9846911945882341,0.9533145755340162,0.6854689775056163,-0.10553666370703522,0.7949626662286279,0.7436130962154903,0.7791323806217715,0.9848909643445798,-0.1728352042356766,0.24964307739853406,-0.2605702025748751,0.6023197665968391,0.3127857214174922,0.7227908824157047
birth_income_more_75K,0.9690313790798561,0.9693281989555946,0.9685977803849984,-0.08190789766394661,-0.10649779833653646,-0.06767828754341343,0.9695095345934257,0.9763369182229258,0.9762248502928811,0.9757299112581012,0.9659515686204846,0.7161627820424877,0.9522414899454404,0.9702434190838845,0.9583363749248809,0.9110635794359281,0.9551772958130548,0.9872739671220448,0.9889492423807372,0.9711203177677419,0.9664761470963412,0.9694902511308003,0.9554131058397463,0.9514125905059617,0.9442912512699383,0.9411599120317254,0.9503327841744479,0.9737643858966372,0.988025930114984,1.0,0.974909624547317,0.9472866022805438,0.9578915239536269,0.6493859944001316,0.8665333764211685,0.9673946756938141,0.9709760484312812,0.9750540458121408,0.9873688103338156,0.972814211714467,0.9655326419117758,0.9454043581809907,0.923179961243881,0.7155110251828872,0.9750540458121408,0.7847850386625691,0.9423829708559242,0.8726209288810597,0.9678131669243647,0.9578380331114037,0.9584093488421436,0.9870700134053368,0.9667016397490689,0.987493763115308,0.9695397893643509,0.9600593609877521,0.9744278694157472,0.9556938434266598,0.7144616221398082,-0.11847563198493505,0.7975951487489322,0.7999313094008618,0.7700067238058704,0.9690313790798563,-0.1472752191105258,0.2803837004633401,-0.23344582131377012,0.5490789437640287,0.2939260616683236,0.6915217449447889
trans_tot,0.9986002024986582,0.998523488274648,0.9985263451650452,-0.07614413617595571,-0.10354616792138527,-0.05880708601539897,0.9981891178207714,0.9998118654889747,0.9997974759427164,0.9999656691365544,0.9816660755215824,0.7209989397974683,0.9896751795396483,0.9971562040168244,0.976715851329873,0.9677301863727749,0.9903395683810031,0.99435572003453,0.9752242637290082,0.997705944311409,0.9855300033052221,0.9975091523063365,0.9938476039588685,0.9883064168562246,0.9899826479635597,0.9894501122691336,0.9919343129586623,0.9955671215011856,0.9911648717044605,0.974909624547317,1.0,0.9904705797823289,0.9852357456307513,0.5757880683968257,0.8209187810733115,0.9607743913017168,0.9816955484462255,0.9999955389168688,0.996278804658023,0.9965197456787822,0.9981679511840272,0.9853712049798732,0.9729546974987564,0.7273931122709911,0.9999955389168688,0.8269174337773797,0.9832578897880592,0.9192308858006912,0.9933321332952025,0.9965348124986618,0.9917143706088503,0.9647173239821474,0.9875840933565898,0.9894213933747305,0.9911682423738971,0.9870178070513212,0.997671585544519,0.9576968196639124,0.7191836443579569,-0.09111870342695894,0.7688859113527028,0.7360324078549505,0.7631180176922487,0.9986002024986587,-0.2031020030068396,0.22473391300297357,-0.27658167616219875,0.5921024234195579,0.301879412823629,0.703410448273119
trans_car_truck_van_alone,0.9909869732407454,0.9915189107542441,0.9903209001136495,-0.07536059099478062,-0.10229256889909165,-0.05844056553780332,0.9890970608760609,0.9897753995471367,0.9895755310373715,0.9899490970118664,0.9692950035880508,0.7366619894310404,0.9822537124034997,0.9878235729840158,0.9690638882922833,0.9646585140412561,0.9891736591219332,0.9786464698436348,0.9426043261920343,0.9887446312265753,0.9763974917729213,0.9886056044733725,0.9882612820623735,0.9855260912878093,0.9890490650219341,0.9882871083952783,0.9867267893399531,0.9822028093620363,0.9709321591953775,0.9472866022805438,0.9904705797823289,1.0,0.9898976980117103,0.46102143564935605,0.7380865310264233,0.9416721170652257,0.9735674706306555,0.9904191046296222,0.9797024927003272,0.9813873781654572,0.9906732848253637,0.9896132545959812,0.9794497163707414,0.7430651547193757,0.9904191046296222,0.8516148810727048,0.9848488205660396,0.93252878108348,0.9890071503129171,0.9923530094440529,0.9828457130630056,0.931553064808817,0.967108637124644,0.9748213717285676,0.9705419839437051,0.977543566629413,0.9887760919178378,0.9432264399495768,0.7350716415146943,-0.09003249443345887,0.7535669701648632,0.7189239143967731,0.7230873762065777,0.9909869732407458,-0.21540017865114466,0.20807788062978336,-0.29603323584185115,0.6072441460393155,0.30997020116914775,0.6778020811383595
trans_car_truck_van_pool,0.9874055908041902,0.9890058392634283,0.9856985992699386,-0.12125318864624948,-0.14348483545466403,-0.10755542118710523,0.9841024028680793,0.9855619633919365,0.9850592300241031,0.9848439281932485,0.9714902066236197,0.7709959960284658,0.9759490149575584,0.9816039944166532,0.9861881972992144,0.932042326389179,0.9867170553745808,0.9785790792035693,0.9401571676076468,0.9836668565847597,0.9880511528311142,0.9802017509953084,0.9772371213099978,0.9813393486497016,0.9773485284224008,0.9714082661689607,0.9691032946390146,0.9700038894255838,0.96468168285117,0.9578915239536269,0.9852357456307513,0.9898976980117103,1.0,0.46250097853071526,0.7399346588985433,0.9665101361184454,0.9839170998104808,0.9851287666825634,0.9763426945341644,0.9786219507536061,0.9828661326774047,0.9938465314459015,0.9602899768589455,0.7753682103341659,0.9851287666825634,0.8868996084789432,0.9845960146157927,0.907307904211336,0.9878441800184224,0.982762330954748,0.9749886776429842,0.9493370361214563,0.9551536958746845,0.9804796114399501,0.9567250300579448,0.9777756646447379,0.9899815330449783,0.947924801234131,0.769412726854482,-0.10380092266797275,0.759489710964818,0.7827532026004494,0.738394016392111,0.9874055908041898,-0.1907247560179667,0.2581658485791619,-0.2567377753977926,0.5580907349041985,0.26544196713627505,0.6486870588397331
trans_public,0.5614782940657718,0.5562043982276226,0.5665360170517038,-0.005154915809005492,-0.03136483539613723,0.013065586480047988,0.5706588927494836,0.5767777936402053,0.5782088745813068,0.5782735637412824,0.5680902958915455,0.23835528547706492,0.5568957441149492,0.5724192948253944,0.5286576609642246,0.5553281315963918,0.5121632609158379,0.5985451288284985,0.6951813855489009,0.5696837270110232,0.5464445872740228,0.572822054503679,0.5561335661202519,0.5236740102133476,0.524500748759761,0.5324930494203526,0.559240362386867,0.6052465388579658,0.634934921706193,0.6493859944001316,0.5757880683968257,0.46102143564935605,0.46250097853071526,1.0,0.9172272028924041,0.5622029966206045,0.5256006392122027,0.5761182931859916,0.6130200255494047,0.6033538592926392,0.5651768093976011,0.4775847828048911,0.4856421629547166,0.2465511613661102,0.5761182931859916,0.23813761620757473,0.5007307005356862,0.41894672621751516,0.5339944442986242,0.5457704290572544,0.5763521363388144,0.6652452617223162,0.6440396079931209,0.5828235745286199,0.6513119429507345,0.5564011778887495,0.5632133776762757,0.5768324694123773,0.23590111287810828,-0.019392582545005137,0.44198115936331894,0.37375382935396306,0.6025757271163068,0.5614782940657719,-0.0974865297316396,0.11812554977717517,-0.0954074500293387,0.2649363440113457,0.15448018214064801,0.5489834341587467
trans_walked,0.8096000351728608,0.8067583384110715,0.8122497761554492,-0.026172100227328937,-0.050706359128351745,-0.010297187182097201,0.8164322986089,0.8223693658591729,0.8235914454442311,0.8234606800887493,0.8116914875999133,0.4408086677601852,0.8015691346486341,0.8161530914689442,0.7740137595609499,0.7886535728172397,0.7733166800893814,0.836637984070478,0.8931228163146508,0.8147084520838539,0.7870885987224864,0.8180759709470204,0.8041064975910004,0.7806877869553289,0.7779489118453495,0.7838779871807734,0.8052668019165499,0.8409175341553404,0.8642101261649682,0.8665333764211685,0.8209187810733115,0.7380865310264233,0.7399346588985433,0.9172272028924041,1.0,0.8086082042691127,0.7884687276361094,0.821288306715336,0.8471874007546756,0.8372401387510396,0.8086697163645984,0.7439088168853272,0.7559860002262546,0.44460529060370046,0.821288306715336,0.5343593431915774,0.7503231815553548,0.7073620107438042,0.7936817962315551,0.7959190454820785,0.8084578823584415,0.8753747558235092,0.8527995282066373,0.8191789292836714,0.8706919673743984,0.7998071923950898,0.8085203471803601,0.7877964144916726,0.4384710190612284,-0.03724608238024581,0.6968463024646409,0.6330378447402255,0.7722475915758962,0.809600035172861,-0.09468582905461599,0.2539453635577821,-0.14341392862519625,0.4308166823923876,0.21351773688380887,0.6852334778335641
trans_taxi_bike_other,0.9636223147479668,0.9651200038712927,0.9620188441740279,-0.10904016072702495,-0.123981698595888,-0.10054534119880879,0.9641410436214878,0.9638251358887526,0.9635784287698591,0.9614441357147654,0.9719905522721871,0.7237729964855986,0.9591448033230102,0.9619234148807244,0.969793738470144,0.8891373497943383,0.9642411774799593,0.9723789067935316,0.9512039434336008,0.9625619070031706,0.975773783873783,0.9573904634697962,0.9464090614571973,0.9610246180558697,0.9474767435942738,0.9359012378014738,0.9356765926650138,0.9443689355018335,0.9535430638844867,0.9673946756938141,0.9607743913017168,0.9416721170652257,0.9665101361184454,0.5622029966206045,0.8086082042691127,1.0,0.9849333640282105,0.960603425057202,0.9605229666102341,0.9682471828803978,0.9587842007304243,0.9500956296337016,0.9018554829036719,0.7203975722292666,0.960603425057202,0.823919524397022,0.9380437455612705,0.8424058715413744,0.9630819557925925,0.9545344034498051,0.9418567982871769,0.9771240050531529,0.9444296033535763,0.9771201023925327,0.9355847862085191,0.9727596549569745,0.9689721543732949,0.9274046050496408,0.7222043729514506,-0.1561675572924161,0.7828739209006157,0.844770293445765,0.7593772070017726,0.9636223147479662,-0.13298357708095004,0.3240808039729763,-0.1940784003191644,0.48803643428604343,0.23864838691942544,0.6215702424108224
trans_worked_home,0.9815993868498724,0.9826817075357313,0.9803981656228504,-0.08256664896719669,-0.1006689812527435,-0.07234015562591427,0.9817488284478693,0.9830744692800687,0.982699307463874,0.9817732061822824,0.977181277490604,0.75346786395935,0.9738384474258488,0.981975724331548,0.9705888830665974,0.9264992699161391,0.9848703714535887,0.9892540087303021,0.9634271473200754,0.9822915432355124,0.9807154530860479,0.9800197001186014,0.9710337149787847,0.9785483531886732,0.9730410576726539,0.967855475392773,0.968390118988935,0.970953602191746,0.9722199127409227,0.9709760484312812,0.9816955484462255,0.9735674706306555,0.9839170998104808,0.5256006392122027,0.7884687276361094,0.9849333640282105,1.0,0.9816466355925386,0.980408442350449,0.9813580056669298,0.9804586748400417,0.9715436736015066,0.9357852755889191,0.7567184386764224,0.9816466355925386,0.8281430720532977,0.9644785188330433,0.8814646240188658,0.9807262565499143,0.9791056324855182,0.9642980931101324,0.9710708818010326,0.9654641877793557,0.9899928961956698,0.9584227065993939,0.9836693044896323,0.985028794918448,0.9459981334084216,0.7520027686083441,-0.13715886587877818,0.8139471341303238,0.8018615394874228,0.7736304818096857,0.9815993868498722,-0.1220058649109791,0.30284558787705657,-0.20780929018673683,0.5741551114591757,0.28659920798854366,0.6735940754038342
occupation_tot,0.9985272289201416,0.9984446536701911,0.9984590961169129,-0.0759945525013429,-0.10346376150236623,-0.058620237372581825,0.9981272808824347,0.9998066795357979,0.9997875081839037,0.9999660829964511,0.9815392401333913,0.7215851491591669,0.9895166188434958,0.9971216011069971,0.976549195174403,0.9676998416976639,0.9902081373086109,0.9943987668315114,0.9754754908796468,0.9976758883059681,0.9853254562041259,0.9975140023426242,0.9938343626810108,0.9882195769749276,0.9898685201712238,0.9894037249712255,0.9919642126328212,0.9956580549947341,0.9912963624412406,0.9750540458121408,0.9999955389168688,0.9904191046296222,0.9851287666825634,0.5761182931859916,0.821288306715336,0.960603425057202,0.9816466355925386,1.0,0.9964044796215963,0.9964471026824814,0.9980702508318131,0.9852256314562154,0.9730023224536445,0.7279180281460805,1.0,0.8265362152646413,0.9831128406419933,0.9194782225478184,0.9931765420101313,0.996436367478851,0.9915565690316129,0.9647706397761062,0.9875455162674526,0.9894342786185796,0.9913014605162934,0.9868497212715148,0.9976168722684984,0.9578485684243347,0.7197705062778267,-0.09095992380110629,0.769454818447342,0.7361084903445059,0.7632295488366762,0.9985272289201418,-0.20289178143297984,0.22476601804798496,-0.27674414120531377,0.5926021047472607,0.30251524437480987,0.7039435889196359
occupation_manage_bus_science_arts,0.9921052983364019,0.9918497694291517,0.9922067267060769,-0.07343809132078997,-0.1015165906392904,-0.056300487138190615,0.9922952631298851,0.9962663585945017,0.9962191597691784,0.9964933830219598,0.9769506151345687,0.7224961869694129,0.979790973372237,0.9917304541254965,0.9677375777398513,0.9559758885165355,0.9800270529770456,0.996532770132722,0.987882948751653,0.9922130123830643,0.9775007829794079,0.9925369045841528,0.9851368155784537,0.9771609937931951,0.9776089997422952,0.9782926779750792,0.9845144659046564,0.9952252921082393,0.9965995401552787,0.9873688103338156,0.996278804658023,0.9797024927003272,0.9763426945341644,0.6130200255494047,0.8471874007546756,0.9605229666102341,0.980408442350449,0.9964044796215963,1.0,0.9920480578564053,0.991426752164294,0.9735267128938307,0.9602891500435644,0.7273921425465072,0.9964044796215963,0.8051744597328515,0.9733632587034898,0.9082748564558883,0.986485206255339,0.9879186388265534,0.984101143388815,0.9739132352193229,0.9875923771673035,0.9928613138146772,0.9923304434091688,0.9788742516644536,0.9931102027054536,0.9648953015399362,0.7207114367607614,-0.09077174889394285,0.7895363355206231,0.7458104792180184,0.7724572385349279,0.992105298336402,-0.18028873656449584,0.2399482082923015,-0.26666280695439065,0.5973333299047963,0.31345329595868465,0.7206004343368645
occupation_service,0.9966928025839279,0.9963641376808154,0.9968648453108032,-0.060404167282502315,-0.08686626055470224,-0.0437149306237816,0.9975320042692524,0.9969152647743225,0.9969802147968007,0.996601381402472,0.9850610622611042,0.7091269793043097,0.9928594962346136,0.9964262060565277,0.9773579734606103,0.9659841497597488,0.9894270977043449,0.9924844735312537,0.9770849534221823,0.9963534869777869,0.987106792619036,0.9955756039344115,0.9915346611255929,0.98943051817951,0.9896682374634795,0.9875412939408678,0.9888330840824799,0.9907577954421761,0.9874615179263939,0.972814211714467,0.9965197456787822,0.9813873781654572,0.9786219507536061,0.6033538592926392,0.8372401387510396,0.9682471828803978,0.9813580056669298,0.9964471026824814,0.9920480578564053,1.0,0.9968110985985593,0.9792102892196604,0.9583564470827005,0.7141594547213612,0.9964471026824814,0.8116785668697453,0.9774864604176374,0.8973277140854922,0.9872531027886556,0.9948050982210043,0.986268869278143,0.968672571810517,0.9890312651815406,0.9887994873853662,0.989015987351989,0.9939034077415868,0.9959806970049285,0.9545690222331902,0.7072918873288122,-0.10067764991847655,0.7605365451959739,0.7380537452679607,0.7639917111255524,0.9966928025839283,-0.2056707639930973,0.2229551187872533,-0.27035276362051863,0.5757362291984436,0.29144346581298486,0.6903511282035381
occupation_sales_office,0.998177071320275,0.9978799439656223,0.9983181484797609,-0.06696260372544639,-0.09446608498925903,-0.04950333735593208,0.9982166144719725,0.9978727293781982,0.9979185959545194,0.9979450798533213,0.9814151609046833,0.7121700990200577,0.9930726024083817,0.9971234028818428,0.974019679198775,0.9733693615163093,0.9913786899216206,0.9914230299510246,0.9693384465366445,0.9971489096435863,0.9854177590017997,0.996864808052607,0.9940784900032716,0.9900886188558677,0.993725469381037,0.9926535343568789,0.9931548168382941,0.9926637318064915,0.9853544330323593,0.9655326419117758,0.9981679511840272,0.9906732848253637,0.9828661326774047,0.5651768093976011,0.8086697163645984,0.9587842007304243,0.9804586748400417,0.9980702508318131,0.991426752164294,0.9968110985985593,1.0,0.9846484419828377,0.9684939020283276,0.7197704002387192,0.9980702508318131,0.8185979254428188,0.9843737522452647,0.9087696111279454,0.9922177612060632,0.9991064081158779,0.9926859906025937,0.9571191334218033,0.9900698242543238,0.9870758652958901,0.9880087738191693,0.9901936343630905,0.9962724634904819,0.9527020452216287,0.7103488651416237,-0.09655325426506181,0.7519252124831648,0.7137180431241981,0.7482141710175779,0.9981770713202752,-0.21534393957897507,0.20321809326395482,-0.28499434264314444,0.595183863696708,0.3027888396423887,0.6944072021274859
occupation_resources_construct_maint,0.9871565089243811,0.9883227744124131,0.9858726262490548,-0.12019765157968683,-0.14359168047165763,-0.10466548247629762,0.9834100011204512,0.9842651952411333,0.9838356945221651,0.9845836068425274,0.9594284580950928,0.761028311147642,0.9762962514491755,0.9808535084459472,0.9835879543889007,0.9434339564551066,0.9829426831622795,0.9725990412104615,0.9328201846021259,0.9828480904414487,0.9840518126957345,0.980019955566555,0.9800058894074691,0.9792537978853662,0.9800886455118251,0.9760050220421312,0.9736007916738687,0.9716772617070619,0.9604715013655643,0.9454043581809907,0.9853712049798732,0.9896132545959812,0.9938465314459015,0.4775847828048911,0.7439088168853272,0.9500956296337016,0.9715436736015066,0.9852256314562154,0.9735267128938307,0.9792102892196604,0.9846484419828377,1.0,0.9609424928696546,0.7692910845914294,0.9852256314562154,0.8978563570688817,0.9957918226253997,0.8983612886008941,0.9856825127832952,0.9857849991562381,0.9802708778363167,0.9352779009485552,0.9605365113026838,0.9719909412415386,0.9623826155531682,0.9736315518836915,0.989526905771051,0.9436450720326421,0.7592730335196982,-0.07784221742893845,0.7367397422170319,0.7329234349701454,0.741685269809211,0.9871565089243817,-0.19829325689286548,0.22830425757954187,-0.2603120869547172,0.5618712220866091,0.26492231346210576,0.6551607029246432
occupation_production_transport,0.9719247948935534,0.9721846737888922,0.9715267777216072,-0.08296589678838139,-0.11162948962721099,-0.06347279003162255,0.9695837157298907,0.9722175174719344,0.9724993348906222,0.9731080601436419,0.9498452084265308,0.6646051132015083,0.959501499670371,0.9687586216141526,0.9430972436024114,0.9602361122163454,0.9675042174642656,0.953848390284948,0.9210541559937382,0.9704048172831602,0.9480995579455459,0.972301634066656,0.9769279694225645,0.9657199829538973,0.9702309300178802,0.9730904908820773,0.9741425483362297,0.9712755544340631,0.9587225544537213,0.923179961243881,0.9729546974987564,0.9794497163707414,0.9602899768589455,0.4856421629547166,0.7559860002262546,0.9018554829036719,0.9357852755889191,0.9730023224536445,0.9602891500435644,0.9583564470827005,0.9684939020283276,0.9609424928696546,1.0,0.6730684949430655,0.9730023224536445,0.826499955812025,0.9497816778393807,0.9786479514022515,0.9731913227744778,0.9697091367651762,0.9717587828161487,0.910037808462976,0.9430555188230823,0.9370483204190326,0.9637722359786808,0.9449988884220532,0.9632303428256397,0.9002500784984153,0.6627571917363327,-0.06920899547527962,0.7311806751031039,0.7040047974843091,0.7319424842606711,0.9719247948935539,-0.24077676106858367,0.20506016325925766,-0.3018637945981936,0.586524963692336,0.2948414851804926,0.686835590869699
occupation_military,0.7287613535123542,0.7305938289309115,0.7268664731607539,-0.19563848761873887,-0.21529060630434463,-0.1827034952073226,0.7231941903898025,0.727076339184155,0.7232635052706942,0.723788389213926,0.7056017645415645,0.9934250643611031,0.7123879172292052,0.7232153766952004,0.7502504439034418,0.6442587865520814,0.739258285730585,0.7332015204631495,0.6979313186830206,0.72566938604404,0.7468017290430814,0.7195408349179891,0.7123482674572302,0.7238249411224502,0.7182356023745746,0.7136415992741801,0.7099095859947304,0.7031097454345098,0.6923053404875468,0.7155110251828872,0.7273931122709911,0.7430651547193757,0.7753682103341659,0.2465511613661102,0.44460529060370046,0.7203975722292666,0.7567184386764224,0.7279180281460805,0.7273921425465072,0.7141594547213612,0.7197704002387192,0.7692910845914294,0.6730684949430655,1.0,0.7279180281460805,0.6876037963800613,0.7681713745924992,0.5985335312306069,0.7099237547012183,0.7233260911139626,0.7093091531541887,0.7029646184289042,0.6853120807933173,0.7560407351052819,0.6745914029485147,0.7281251742215946,0.74639394221053,0.8042971613231394,0.9932180637590183,-0.0628668897467664,0.6547752679332571,0.5954265030756051,0.6210727316590052,0.7287613535123542,-0.06260969655982056,0.21229925710663225,-0.13324115872432657,0.47759225889935303,0.2569700635886237,0.5603461123373655
industry_tot,0.9985272289201416,0.9984446536701911,0.9984590961169129,-0.0759945525013429,-0.10346376150236623,-0.058620237372581825,0.9981272808824347,0.9998066795357979,0.9997875081839037,0.9999660829964511,0.9815392401333913,0.7215851491591669,0.9895166188434958,0.9971216011069971,0.976549195174403,0.9676998416976639,0.9902081373086109,0.9943987668315114,0.9754754908796468,0.9976758883059681,0.9853254562041259,0.9975140023426242,0.9938343626810108,0.9882195769749276,0.9898685201712238,0.9894037249712255,0.9919642126328212,0.9956580549947341,0.9912963624412406,0.9750540458121408,0.9999955389168688,0.9904191046296222,0.9851287666825634,0.5761182931859916,0.821288306715336,0.960603425057202,0.9816466355925386,1.0,0.9964044796215963,0.9964471026824814,0.9980702508318131,0.9852256314562154,0.9730023224536445,0.7279180281460805,1.0,0.8265362152646413,0.9831128406419933,0.9194782225478184,0.9931765420101313,0.996436367478851,0.9915565690316129,0.9647706397761062,0.9875455162674526,0.9894342786185796,0.9913014605162934,0.9868497212715148,0.9976168722684984,0.9578485684243347,0.7197705062778267,-0.09095992380110629,0.769454818447342,0.7361084903445059,0.7632295488366762,0.9985272289201418,-0.20289178143297984,0.22476601804798496,-0.27674414120531377,0.5926021047472607,0.30251524437480987,0.7039435889196359
industry_ag_forestry_fish,0.8304985296885695,0.8360190019763043,0.8249932322898528,-0.26533370637252796,-0.26921522646142376,-0.2590794184413635,0.818115027373668,0.8244295529014078,0.8237131701125757,0.8259625719948083,0.7849801823740341,0.6814422560640134,0.8025953741299608,0.8121754896861971,0.8762266298009229,0.7392721833318345,0.8345242798952907,0.8042485794674126,0.7251816691568652,0.8190731227442516,0.8495848929298108,0.810826583482388,0.8151650859142913,0.821135236403107,0.8134885417114905,0.8015530120521616,0.7956230232916849,0.7978804306331487,0.7861709322908227,0.7847850386625691,0.8269174337773797,0.8516148810727048,0.8868996084789432,0.23813761620757473,0.5343593431915774,0.823919524397022,0.8281430720532977,0.8265362152646413,0.8051744597328515,0.8116785668697453,0.8185979254428188,0.8978563570688817,0.826499955812025,0.6876037963800613,0.8265362152646413,1.0,0.8781317167626128,0.7784491140910323,0.8538301156282804,0.8208076560759456,0.825095344393236,0.7755063099998909,0.7676126989657148,0.8057675252690825,0.7796359531272448,0.8067084311926805,0.8418461343835921,0.7678190566080669,0.6798217525076143,-0.0175240542905905,0.608065947677875,0.7315209995124002,0.6362991207100721,0.8304985296885694,-0.12149304120065184,0.3092141418727108,-0.14928188185270666,0.3800357623780502,0.10333052413300557,0.44775769266477744
industry_construction,0.9829221150145647,0.9835467008166697,0.9821669234232894,-0.11426642803255581,-0.13887125836631165,-0.09840640209873515,0.9793601370004678,0.9810626986047275,0.9806565417359894,0.982133320558067,0.9480845936727333,0.7558445937277828,0.9708175721762734,0.9778133224688853,0.9735047331434397,0.9468507697309405,0.9753297833310526,0.970743500550511,0.9357181024049307,0.9793860175573385,0.9767285633198655,0.9773376556714409,0.9761753207405216,0.9708309629961148,0.9765814373936091,0.9749536545875799,0.9740264209460671,0.9730401939609372,0.9600855512102379,0.9423829708559242,0.9832578897880592,0.9848488205660396,0.9845960146157927,0.5007307005356862,0.7503231815553548,0.9380437455612705,0.9644785188330433,0.9831128406419933,0.9733632587034898,0.9774864604176374,0.9843737522452647,0.9957918226253997,0.9497816778393807,0.7681713745924992,0.9831128406419933,0.8781317167626128,1.0,0.8771551831904222,0.9797704778161977,0.9848117042359144,0.9813278916842422,0.9266343618642331,0.9688994370272003,0.9711488976559901,0.9650866243801585,0.9698192110050933,0.9866776669639334,0.9471805593897965,0.7540123545247215,-0.07633070805619939,0.724338185139036,0.6837806340591117,0.7352898450308594,0.9829221150145651,-0.19336349335350209,0.1943731070413858,-0.2621135587114743,0.5856008804826582,0.2766111698665169,0.6713893613306982
industry_manufact,0.9168334248401339,0.9175771377278943,0.9159719386322454,-0.05816729982047391,-0.08613073001163264,-0.03984910433927156,0.9144277310632837,0.9194308419357583,0.9199796008041514,0.9202299334903105,0.9022183991734092,0.5936994977920874,0.9006021829005547,0.9129434952778694,0.8794634011791556,0.9054880099966542,0.9167991098159588,0.8997428207800918,0.8662082000180121,0.9153059663273759,0.8829083537891258,0.9193622066151469,0.925273793930868,0.9123589668204337,0.9134033289410359,0.9188410908855801,0.9223376741439666,0.9212615981049603,0.9122368386302799,0.8726209288810597,0.9192308858006912,0.93252878108348,0.907307904211336,0.41894672621751516,0.7073620107438042,0.8424058715413744,0.8814646240188658,0.9194782225478184,0.9082748564558883,0.8973277140854922,0.9087696111279454,0.8983612886008941,0.9786479514022515,0.5985335312306069,0.9194782225478184,0.7784491140910323,0.8771551831904222,1.0,0.9227587291139153,0.9107167231294321,0.9083346706145999,0.8574250676695165,0.8758031428633748,0.8747529849022234,0.9123210519930665,0.881092582042772,0.9031610309099752,0.827016122087993,0.5920363298464942,-0.05759239927254465,0.7278920958120655,0.7108016651938742,0.7006795134610956,0.9168334248401343,-0.22137484685117753,0.23866146104373429,-0.2937901492142554,0.572110046861092,0.3005939000238032,0.667924417493522
industry_wholesale,0.9930557524957195,0.9937077919671646,0.9922722890707173,-0.08621603749522483,-0.11114177412220155,-0.07046432500218817,0.9913984936840133,0.993477251606483,0.9935824378113858,0.9934385957804953,0.979069459550422,0.7016898036738641,0.9821421240698541,0.9893469196242921,0.9783552233044156,0.9539771948097113,0.9856753770414179,0.9884412774365231,0.9569161562507275,0.9904540853938366,0.9851542576864247,0.9889039755273554,0.9847615892825188,0.9829736966856865,0.9832218945694879,0.979691460055584,0.9802920169614348,0.985278985756789,0.9811575607548747,0.9678131669243647,0.9933321332952025,0.9890071503129171,0.9878441800184224,0.5339944442986242,0.7936817962315551,0.9630819557925925,0.9807262565499143,0.9931765420101313,0.986485206255339,0.9872531027886556,0.9922177612060632,0.9856825127832952,0.9731913227744778,0.7099237547012183,0.9931765420101313,0.8538301156282804,0.9797704778161977,0.9227587291139153,1.0,0.9907467167710563,0.9904761160054807,0.9604789212000429,0.9776601136618,0.981710909847546,0.9776208821794191,0.9796373340959452,0.9913416550525379,0.9332641675260269,0.699813040946843,-0.09140379015369014,0.7541527727730952,0.7545239932385549,0.746276086570849,0.9930557524957196,-0.1992877186074699,0.23995212767688048,-0.2638605596593498,0.5634509381794547,0.28290067571697963,0.6701165092127848
industry_retail,0.9971897410937217,0.9968807883076395,0.9973424933352127,-0.05631425906923078,-0.08354932719757938,-0.03894521253961131,0.9973437068297938,0.9960872784920036,0.9960928373426453,0.9961923656212198,0.9787956384782751,0.7158585551291219,0.9937684713380264,0.996507279371182,0.971524030408767,0.9767936878206895,0.9924282313639452,0.9884359368058445,0.9629328729752312,0.996334818742803,0.982914968127984,0.9963899104957434,0.9948580913208633,0.9915981394166392,0.995936289258524,0.9950928820538334,0.9944666727748204,0.9907537112820463,0.9810051579993596,0.9578380331114037,0.9965348124986618,0.9923530094440529,0.982762330954748,0.5457704290572544,0.7959190454820785,0.9545344034498051,0.9791056324855182,0.996436367478851,0.9879186388265534,0.9948050982210043,0.9991064081158779,0.9857849991562381,0.9697091367651762,0.7233260911139626,0.996436367478851,0.8208076560759456,0.9848117042359144,0.9107167231294321,0.9907467167710563,1.0,0.9907021847858778,0.9495823924196887,0.9866029584919329,0.9831080384586367,0.9853674755082098,0.9891372310177875,0.994309312788654,0.9486460004150064,0.714100910337112,-0.09016561739439115,0.7546376904357278,0.7088371559339732,0.7499555098195079,0.9971897410937217,-0.21331843190713348,0.2097448595203595,-0.28338562506110254,0.5999609512985602,0.30671072806108796,0.6936146388944948
industry_trans,0.9904613727047475,0.9902034220469839,0.9905654066376076,-0.09664644873062045,-0.1240069936264316,-0.07864298079085248,0.989045974165058,0.9906543852024231,0.990784457100531,0.9913638961646265,0.968163540416823,0.6965889567540374,0.9806091176673088,0.988734549176047,0.9689528625475288,0.9694793597722567,0.9791735980540714,0.9821324842084431,0.9588100836241233,0.9893702000802387,0.979445049705835,0.9887461182510663,0.9870527340797737,0.9774241089463098,0.9841796720834433,0.9837931578216096,0.9853377222567687,0.9885795848391119,0.979888902665532,0.9584093488421436,0.9917143706088503,0.9828457130630056,0.9749886776429842,0.5763521363388144,0.8084578823584415,0.9418567982871769,0.9642980931101324,0.9915565690316129,0.984101143388815,0.986268869278143,0.9926859906025937,0.9802708778363167,0.9717587828161487,0.7093091531541887,0.9915565690316129,0.825095344393236,0.9813278916842422,0.9083346706145999,0.9904761160054807,0.9907021847858778,1.0,0.9471797668526581,0.9840653667759868,0.9751520021889795,0.9831889101734138,0.9750807352295587,0.9880138291164332,0.9415984640963047,0.6945536875519275,-0.09227806450761197,0.7233483035347351,0.6887785202617749,0.7481686270393869,0.9904613727047482,-0.22734417750719496,0.18476300487589264,-0.2806706040599031,0.5830320215206012,0.2867522436322977,0.690764264433346
industry_information,0.9632445328885317,0.9635142169173729,0.9628382491706631,-0.09320202740704524,-0.11650033393792987,-0.07896206089307736,0.9644617599106128,0.9677926217134354,0.9677355487961539,0.9659599674646726,0.9720364950735444,0.7032315321456947,0.9532144578646853,0.9623714773548889,0.9617444928039824,0.8957231325923124,0.9500225284513443,0.9779919258086373,0.977618210505436,0.9631903583585125,0.9677998589014742,0.9597342194763995,0.9474273825538502,0.9523896222316272,0.9381878872113145,0.931070082934992,0.9370695357168897,0.956198500960566,0.9710011064116791,0.9870700134053368,0.9647173239821474,0.931553064808817,0.9493370361214563,0.6652452617223162,0.8753747558235092,0.9771240050531529,0.9710708818010326,0.9647706397761062,0.9739132352193229,0.968672571810517,0.9571191334218033,0.9352779009485552,0.910037808462976,0.7029646184289042,0.9647706397761062,0.7755063099998909,0.9266343618642331,0.8574250676695165,0.9604789212000429,0.9495823924196887,0.9471797668526581,1.0,0.9555091856069475,0.9776251799446166,0.9566219925357259,0.9605299269291037,0.9670630994573174,0.9361722280013315,0.7013466349508618,-0.13319344968204555,0.7864736533752488,0.8293317967953509,0.7780644311364616,0.9632445328885315,-0.14996076156616447,0.28326687347962204,-0.2171890759220903,0.5039928666738899,0.2618183984156747,0.6695122061492308
industry_finance_insure_realestate,0.9837119526176332,0.9825480813849705,0.984700135153289,-0.04734686710148052,-0.07731381940231728,-0.02854878273495385,0.9851231642434064,0.986648017170934,0.9869245871621992,0.9874927840541027,0.9644930800062498,0.6756332077246344,0.9768520264120705,0.9857490443939887,0.9513233733504032,0.9657479930601321,0.9709189950257529,0.9867043587140878,0.9784758059286063,0.9849856930310997,0.967204169811765,0.9859412193961672,0.9790380381842403,0.9693931917865853,0.9768258282837333,0.9786623375863476,0.9836234602955128,0.9894058325244532,0.9851574010873669,0.9667016397490689,0.9875840933565898,0.967108637124644,0.9551536958746845,0.6440396079931209,0.8527995282066373,0.9444296033535763,0.9654641877793557,0.9875455162674526,0.9875923771673035,0.9890312651815406,0.9900698242543238,0.9605365113026838,0.9430555188230823,0.6853120807933173,0.9875455162674526,0.7676126989657148,0.9688994370272003,0.8758031428633748,0.9776601136618,0.9866029584919329,0.9840653667759868,0.9555091856069475,1.0,0.9797065379278982,0.9901358651506875,0.9760482840097812,0.9822960587292512,0.9417249718986545,0.6736579445435563,-0.10651569786708809,0.7387099889412576,0.6677038665508622,0.7434765378664604,0.9837119526176338,-0.20556820018933467,0.17465920830017026,-0.2842178251778285,0.604157652675403,0.32651362468933026,0.7073434758747983
industry_professional_scientific_management,0.9876756900461946,0.9878645496345779,0.9873445620764562,-0.08177582599401209,-0.10604811675672973,-0.06786277476561768,0.9880520865535305,0.990345222234361,0.9900083475374877,0.9894192478567544,0.9805726902902211,0.7539745951509591,0.9784475726754653,0.9870278881310881,0.9726834335910204,0.9373427427933767,0.9798129530485452,0.9950589624821836,0.9830773337270743,0.9872813748290102,0.9837729753323863,0.985382065381282,0.9752613781503756,0.9756825722298195,0.9727336547716573,0.9689919688816083,0.9723185967097204,0.9819900666187826,0.9859208126526717,0.987493763115308,0.9894213933747305,0.9748213717285676,0.9804796114399501,0.5828235745286199,0.8191789292836714,0.9771201023925327,0.9899928961956698,0.9894342786185796,0.9928613138146772,0.9887994873853662,0.9870758652958901,0.9719909412415386,0.9370483204190326,0.7560407351052819,0.9894342786185796,0.8057675252690825,0.9711488976559901,0.8747529849022234,0.981710909847546,0.9831080384586367,0.9751520021889795,0.9776251799446166,0.9797065379278982,1.0,0.9742684825889149,0.984844978089028,0.9920830297066285,0.9719236351629029,0.752381392400694,-0.11569740957226335,0.7888842505140026,0.7696176826438155,0.75591654442488,0.9876756900461948,-0.16567009560547385,0.2499434417037225,-0.25054144539442574,0.5810085551225316,0.29854954778909165,0.6907766552762455
industry_education_health_care,0.9868587003259678,0.9856750370242326,0.9878657089219334,-0.04486981244739386,-0.07711164083974154,-0.024073260406208975,0.9879907644025344,0.990429350751499,0.9907999889061833,0.9915280198357398,0.966503779618061,0.6667479863482005,0.978137353862647,0.9877339209252789,0.953238772746844,0.9724900914153317,0.9707841338316318,0.9850871134024319,0.9814554784746011,0.987675191195887,0.9638996409447699,0.9898199915833314,0.9865348447084435,0.9725065855004438,0.9772765186895109,0.9808929278516322,0.9875306100747137,0.9951247675990704,0.991943091838223,0.9695397893643509,0.9911682423738971,0.9705419839437051,0.9567250300579448,0.6513119429507345,0.8706919673743984,0.9355847862085191,0.9584227065993939,0.9913014605162934,0.9923304434091688,0.989015987351989,0.9880087738191693,0.9623826155531682,0.9637722359786808,0.6745914029485147,0.9913014605162934,0.7796359531272448,0.9650866243801585,0.9123210519930665,0.9776208821794191,0.9853674755082098,0.9831889101734138,0.9566219925357259,0.9901358651506875,0.9742684825889149,1.0,0.969270893903175,0.9835372556364113,0.9447020639179006,0.6647574854184967,-0.07247083420130725,0.7590723541423847,0.6929917853447184,0.7673029119667278,0.9868587003259682,-0.20981665513707878,0.20357534846820716,-0.2868572636198165,0.5953092138023007,0.31390469847819885,0.7287018066301777
industry_arts_entertatinment,0.9893214419086821,0.9893866631984499,0.989110598754623,-0.06181100570731202,-0.0834846381013898,-0.04908858709823603,0.99050537042425,0.9881093389298342,0.9879994921427341,0.9869106758339604,0.9842296415218874,0.7243573525882628,0.9889222712800023,0.9903192473968263,0.9745149749074535,0.955441913427882,0.9898074994242798,0.985286157076374,0.9625687595522511,0.9898241818222222,0.9857018525590631,0.9880407120857562,0.9834709337233496,0.988750741400563,0.9873276827735529,0.9829010650483155,0.9806451460140406,0.9771036353788788,0.9730276771996329,0.9600593609877521,0.9870178070513212,0.977543566629413,0.9777756646447379,0.5564011778887495,0.7998071923950898,0.9727596549569745,0.9836693044896323,0.9868497212715148,0.9788742516644536,0.9939034077415868,0.9901936343630905,0.9736315518836915,0.9449988884220532,0.7281251742215946,0.9868497212715148,0.8067084311926805,0.9698192110050933,0.881092582042772,0.9796373340959452,0.9891372310177875,0.9750807352295587,0.9605299269291037,0.9760482840097812,0.984844978089028,0.969270893903175,1.0,0.9891595581334267,0.9454193462158741,0.7227097044860659,-0.12195151924971255,0.7590201465458694,0.7471890486956194,0.748815661569726,0.9893214419086818,-0.20145505427958707,0.221228209768996,-0.26328186994796304,0.5767307445239249,0.2841922790547496,0.6663685263573224
industry_other_services,0.9979639193021826,0.9981810245112238,0.9976037244474515,-0.08961223946970938,-0.11528402754404418,-0.07346800668137111,0.9971242892383937,0.9978382230575163,0.9976489695295656,0.9975151824962838,0.9829566085585142,0.7411524648708704,0.9901738390269148,0.9951361810774613,0.9851654511407616,0.9572310379533128,0.9904658831172394,0.9923672138520564,0.9712046985398899,0.995964479340898,0.9915106049869372,0.9942310154425699,0.9904306670745071,0.9890356891385762,0.9879833639193188,0.9846965280835684,0.9855263759920284,0.9885484908013686,0.9846911945882341,0.9744278694157472,0.997671585544519,0.9887760919178378,0.9899815330449783,0.5632133776762757,0.8085203471803601,0.9689721543732949,0.985028794918448,0.9976168722684984,0.9931102027054536,0.9959806970049285,0.9962724634904819,0.989526905771051,0.9632303428256397,0.74639394221053,0.9976168722684984,0.8418461343835921,0.9866776669639334,0.9031610309099752,0.9913416550525379,0.994309312788654,0.9880138291164332,0.9670630994573174,0.9822960587292512,0.9920830297066285,0.9835372556364113,0.9891595581334267,1.0,0.9638066044233731,0.7393754616240817,-0.10090969887429031,0.7618848583886064,0.7512627161173274,0.7577192142687662,0.9979639193021824,-0.1991553267360777,0.2282617074455548,-0.26539118612837825,0.5724094393206007,0.28837421198703317,0.6835170124307264
industry_public_admin,0.9556537849584601,0.9550926015348882,0.9560586089371637,-0.10145408428091862,-0.13239637415376976,-0.08206419550993395,0.9558210528392049,0.9577171956664966,0.9567745194870342,0.9568887190418947,0.9399504127353409,0.8052421438866746,0.94708195895,0.9529288840704536,0.9362420554101839,0.911134489194098,0.9415694348966394,0.9565138152477711,0.9576981697187699,0.9531257648459921,0.9464480852722507,0.9519489493268047,0.9428442437788487,0.9372026511275511,0.9366767330285872,0.9367201636896099,0.9420142075491899,0.9511135419705372,0.9533145755340162,0.9556938434266598,0.9576968196639124,0.9432264399495768,0.947924801234131,0.5768324694123773,0.7877964144916726,0.9274046050496408,0.9459981334084216,0.9578485684243347,0.9648953015399362,0.9545690222331902,0.9527020452216287,0.9436450720326421,0.9002500784984153,0.8042971613231394,0.9578485684243347,0.7678190566080669,0.9471805593897965,0.827016122087993,0.9332641675260269,0.9486460004150064,0.9415984640963047,0.9361722280013315,0.9417249718986545,0.9719236351629029,0.9447020639179006,0.9454193462158741,0.9638066044233731,1.0,0.8039255764285788,-0.07335744572826496,0.7679145871172831,0.7174890667484461,0.7363406077090651,0.9556537849584599,-0.1862507437879899,0.21946846865853956,-0.27675596515175255,0.5800172290665273,0.3078130448257727,0.7049975846680585
industry_military,0.721148157594077,0.7232305667726197,0.7190107605436268,-0.19265535244688278,-0.21091848584860298,-0.18056798390765363,0.7162143089229338,0.7195004840754088,0.7155902870707105,0.7157741995233491,0.7018968390033344,0.9999871636251804,0.7064694043380046,0.7160432819904882,0.7454082015287453,0.6327226051176695,0.7330252591517598,0.7269084465870223,0.6937869368317068,0.7184068133951225,0.7403144933233933,0.7121426344451962,0.7040232035713394,0.7190339348270247,0.7097074887803427,0.7035349065327935,0.6996695461147524,0.6932073099124766,0.6854689775056163,0.7144616221398082,0.7191836443579569,0.7350716415146943,0.769412726854482,0.23590111287810828,0.4384710190612284,0.7222043729514506,0.7520027686083441,0.7197705062778267,0.7207114367607614,0.7072918873288122,0.7103488651416237,0.7592730335196982,0.6627571917363327,0.9932180637590183,0.7197705062778267,0.6798217525076143,0.7540123545247215,0.5920363298464942,0.699813040946843,0.714100910337112,0.6945536875519275,0.7013466349508618,0.6736579445435563,0.752381392400694,0.6647574854184967,0.7227097044860659,0.7393754616240817,0.8039255764285788,1.0,-0.05478492455414638,0.6644318809510454,0.6224836866829878,0.6052096410912905,0.7211481575940768,-0.057840941645042644,0.23310866858755203,-0.13981602365356885,0.45337355519961386,0.26095744334083965,0.5465864369054649
FIPS,-0.09211630316987388,-0.09279456824726956,-0.09144137939546071,0.12734998206418893,0.12245818889814782,0.13097432655381383,-0.09419160302632613,-0.09432370246825271,-0.09443217672666904,-0.09178443092311628,-0.12274612421147195,-0.05446994191137537,-0.0934242393046102,-0.11954331972134435,-0.1294779861983929,-0.09144789785986117,-0.12936172942450994,-0.11967116980594461,-0.12406792363506887,-0.11870438817922545,-0.14215252750942708,-0.11371178990101981,-0.11085983917834348,-0.1340576480004031,-0.11856825550804886,-0.10782328921306734,-0.10166419275855056,-0.09562201752272484,-0.10553666370703522,-0.11847563198493505,-0.09111870342695894,-0.09003249443345887,-0.10380092266797275,-0.019392582545005137,-0.03724608238024581,-0.1561675572924161,-0.13715886587877818,-0.09095992380110629,-0.09077174889394285,-0.10067764991847655,-0.09655325426506181,-0.07784221742893845,-0.06920899547527962,-0.0628668897467664,-0.09095992380110629,-0.0175240542905905,-0.07633070805619939,-0.05759239927254465,-0.09140379015369014,-0.09016561739439115,-0.09227806450761197,-0.13319344968204555,-0.10651569786708809,-0.11569740957226335,-0.07247083420130725,-0.12195151924971255,-0.10090969887429031,-0.07335744572826496,-0.05478492455414638,1.0,-0.05941302008658689,-0.11521825816655978,0.045797062459511026,-0.09211630316987392,0.028315980446797215,0.15663828068588725,0.14817439891609063,0.0020814079927765844,-0.06542884947414762,0.17660310438296803
brewery_count,0.757762866385687,0.7594137352917966,0.756040709691205,0.028964845268436356,0.025532046122805133,0.02842077525869349,0.7626015614500992,0.7704376685100193,0.7695440485185687,0.7695278410662233,0.757230365763221,0.6644687785122415,0.7447933221570963,0.7678660241123408,0.7115401834856293,0.7213484785573838,0.7663451143812073,0.7972170001811806,0.7962733661805212,0.7661678936453044,0.7263900017062346,0.7720898605490104,0.7545483735497982,0.7513177958889986,0.7460149593188855,0.7546291796620814,0.7680185332433827,0.779032505956455,0.7949626662286279,0.7975951487489322,0.7688859113527028,0.7535669701648632,0.759489710964818,0.44198115936331894,0.6968463024646409,0.7828739209006157,0.8139471341303238,0.769454818447342,0.7895363355206231,0.7605365451959739,0.7519252124831648,0.7367397422170319,0.7311806751031039,0.6547752679332571,0.769454818447342,0.608065947677875,0.724338185139036,0.7278920958120655,0.7541527727730952,0.7546376904357278,0.7233483035347351,0.7864736533752488,0.7387099889412576,0.7888842505140026,0.7590723541423847,0.7590201465458694,0.7618848583886064,0.7679145871172831,0.6644318809510454,-0.05941302008658689,1.0,0.7484659079577641,0.8415405019776941,0.7577628663856871,0.24616667937792985,0.5042630842491205,0.041024010807252,0.5934303141985405,0.30103012588444933,0.7272380431286234
winery_count,0.7417106852933386,0.7466438043788254,0.7367911900528659,-0.10501128572152564,-0.10563482217726089,-0.10610299769473394,0.7405469050819466,0.7445147256166148,0.7438052437888126,0.7388678772156592,0.7873845695121774,0.6231034209475727,0.7294941559761726,0.7356176411130176,0.7924189370394292,0.605102823010657,0.7543734045076306,0.7618205023438108,0.7407736551174515,0.7393794283541509,0.7755358349844551,0.730216105835008,0.7156414087971951,0.7497287672277289,0.7052342484388403,0.6834088592321366,0.6837964420585545,0.7079605737784984,0.7436130962154903,0.7999313094008618,0.7360324078549505,0.7189239143967731,0.7827532026004494,0.37375382935396306,0.6330378447402255,0.844770293445765,0.8018615394874228,0.7361084903445059,0.7458104792180184,0.7380537452679607,0.7137180431241981,0.7329234349701454,0.7040047974843091,0.5954265030756051,0.7361084903445059,0.7315209995124002,0.6837806340591117,0.7108016651938742,0.7545239932385549,0.7088371559339732,0.6887785202617749,0.8293317967953509,0.6677038665508622,0.7696176826438155,0.6929917853447184,0.7471890486956194,0.7512627161173274,0.7174890667484461,0.6224836866829878,-0.11521825816655978,0.7484659079577641,1.0,0.6930597019701922,0.7417106852933391,0.009735078359347076,0.5698662079821618,-0.017930660635881036,0.2555640534610523,0.10515198441239697,0.4210282011290279
craft_distillery_count,0.7553792570308323,0.7563311030849619,0.754338903177275,-0.024953514220701915,-0.025702646665824717,-0.026149201173459282,0.7570080452659773,0.7624326400494432,0.7619625789922851,0.7632380466699753,0.7352112660401305,0.6064550649755255,0.7433643763608514,0.7618423023707451,0.7280446181516455,0.717964723591338,0.7627934717310663,0.7737099687980286,0.776861998026706,0.7614634408955447,0.7347470033021145,0.7647908423041091,0.7594249799060622,0.7414755234340397,0.7436627616480451,0.7510863037688977,0.7629217975180677,0.773175449518103,0.7791323806217715,0.7700067238058704,0.7631180176922487,0.7230873762065777,0.738394016392111,0.6025757271163068,0.7722475915758962,0.7593772070017726,0.7736304818096857,0.7632295488366762,0.7724572385349279,0.7639917111255524,0.7482141710175779,0.741685269809211,0.7319424842606711,0.6210727316590052,0.7632295488366762,0.6362991207100721,0.7352898450308594,0.7006795134610956,0.746276086570849,0.7499555098195079,0.7481686270393869,0.7780644311364616,0.7434765378664604,0.75591654442488,0.7673029119667278,0.748815661569726,0.7577192142687662,0.7363406077090651,0.6052096410912905,0.045797062459511026,0.8415405019776941,0.6930597019701922,1.0,0.755379257030833,0.15975430419919107,0.5783212300089431,0.16387482655079186,0.5514228105428434,0.2330366597896912,0.7713969197497886
tot_k_pop,1.0000000000000004,0.9999226829243899,0.9999265219996086,-0.0743677318295019,-0.10270973804022288,-0.056393911219787256,0.9996166030357696,0.9989782114116076,0.9989431290403599,0.9985522264389262,0.9871281546243984,0.7229521540967723,0.9949692257832513,0.9966959035849386,0.9810983587385382,0.966651777966252,0.9920314529843662,0.9909742331382985,0.9689540015783497,0.9972494210753629,0.9893557400902592,0.996199129312846,0.9942114581866734,0.9917213621758552,0.991779460032126,0.9892151503078,0.9894108857910875,0.9903577670964493,0.9848909643445798,0.9690313790798563,0.9986002024986587,0.9909869732407458,0.9874055908041898,0.5614782940657719,0.809600035172861,0.9636223147479662,0.9815993868498722,0.9985272289201418,0.992105298336402,0.9966928025839283,0.9981770713202752,0.9871565089243817,0.9719247948935539,0.7287613535123542,0.9985272289201418,0.8304985296885694,0.9829221150145651,0.9168334248401343,0.9930557524957196,0.9971897410937217,0.9904613727047482,0.9632445328885315,0.9837119526176338,0.9876756900461948,0.9868587003259682,0.9893214419086818,0.9979639193021824,0.9556537849584599,0.7211481575940768,-0.09211630316987392,0.7577628663856871,0.7417106852933391,0.755379257030833,1.0,-0.21822635527608172,0.22094670537811356,-0.2827849050371472,0.5792621800933587,0.2932866173268907,0.6901504205208404
breweries_k_pop,-0.21822635527608178,-0.2151798928348685,-0.22116374039020112,0.2549848405860228,0.32337464074381245,0.2012663202504063,-0.21641389195125657,-0.20415624240990204,-0.2048690982189521,-0.20295732832389626,-0.2230932154863253,-0.05891533518345747,-0.23617600471890385,-0.2029407495108706,-0.21474836166003153,-0.24193431347785402,-0.19724013076729188,-0.16270641541084377,-0.158517400395933,-0.2039172074156845,-0.21545741814296704,-0.20107695885923305,-0.21725222400247646,-0.21633731155531777,-0.21751728719951743,-0.2130887367073531,-0.20354550724392603,-0.18996216751934264,-0.1728352042356766,-0.1472752191105258,-0.2031020030068396,-0.21540017865114466,-0.1907247560179667,-0.0974865297316396,-0.09468582905461599,-0.13298357708095004,-0.1220058649109791,-0.20289178143297984,-0.18028873656449584,-0.2056707639930973,-0.21534393957897507,-0.19829325689286548,-0.24077676106858367,-0.06260969655982056,-0.20289178143297984,-0.12149304120065184,-0.19336349335350209,-0.22137484685117753,-0.1992877186074699,-0.21331843190713348,-0.22734417750719496,-0.14996076156616447,-0.20556820018933467,-0.16567009560547385,-0.20981665513707878,-0.20145505427958707,-0.1991553267360777,-0.1862507437879899,-0.057840941645042644,0.028315980446797215,0.24616667937792985,0.009735078359347076,0.15975430419919107,-0.21822635527608172,1.0,0.46038063872176227,0.8672210910195209,-0.10542011975559945,-0.21570484763513414,0.09063367634914629
wineries_k_pop,0.22094670537811345,0.2253724165161543,0.2165993771766689,0.14044726550047876,0.16931976446431657,0.11830310182438228,0.22160027941825133,0.22780346707612484,0.2272443314642824,0.22618415373550402,0.2355053104795401,0.23285403865131832,0.209697529004159,0.22759963189081614,0.23299826256067627,0.14134100059877544,0.25771094921476445,0.25653291662181854,0.24834590990821395,0.2283856668043706,0.22981947184800391,0.2274981422658331,0.21706191692500099,0.22479651242015403,0.20842021405171093,0.20185368602815038,0.20658653534231516,0.22338702944089722,0.24964307739853406,0.2803837004633401,0.22473391300297357,0.20807788062978336,0.2581658485791619,0.11812554977717517,0.2539453635577821,0.3240808039729763,0.30284558787705657,0.22476601804798496,0.2399482082923015,0.2229551187872533,0.20321809326395482,0.22830425757954187,0.20506016325925766,0.21229925710663225,0.22476601804798496,0.3092141418727108,0.1943731070413858,0.23866146104373429,0.23995212767688048,0.2097448595203595,0.18476300487589264,0.28326687347962204,0.17465920830017026,0.2499434417037225,0.20357534846820716,0.221228209768996,0.2282617074455548,0.21946846865853956,0.23310866858755203,0.15663828068588725,0.5042630842491205,0.5698662079821618,0.5783212300089431,0.22094670537811356,0.46038063872176227,1.0,0.5096787956725216,0.1522931836668507,0.06625891386385446,0.3330111429536421
distilleries_k_pop,-0.28278490503714715,-0.2798076213253767,-0.28564524109581135,0.2473122000600595,0.319450111873088,0.19054972262601283,-0.28255747072183296,-0.276627455185414,-0.27710337382504635,-0.27633785337431616,-0.2812331067422221,-0.14027951806587485,-0.2910964508056714,-0.26976994137640603,-0.24744954097894337,-0.3099556110681106,-0.25824412719477385,-0.24723453983244192,-0.2466182136435822,-0.2699439761790062,-0.256930010588364,-0.2718306759615916,-0.2774477562278936,-0.27239478060460537,-0.2771382853502882,-0.2817645220690171,-0.2806688095744306,-0.27215929182672355,-0.2605702025748751,-0.23344582131377012,-0.27658167616219875,-0.29603323584185115,-0.2567377753977926,-0.0954074500293387,-0.14341392862519625,-0.1940784003191644,-0.20780929018673683,-0.27674414120531377,-0.26666280695439065,-0.27035276362051863,-0.28499434264314444,-0.2603120869547172,-0.3018637945981936,-0.13324115872432657,-0.27674414120531377,-0.14928188185270666,-0.2621135587114743,-0.2937901492142554,-0.2638605596593498,-0.28338562506110254,-0.2806706040599031,-0.2171890759220903,-0.2842178251778285,-0.25054144539442574,-0.2868572636198165,-0.26328186994796304,-0.26539118612837825,-0.27675596515175255,-0.13981602365356885,0.14817439891609063,0.041024010807252,-0.017930660635881036,0.16387482655079186,-0.2827849050371472,0.8672210910195209,0.5096787956725216,1.0,-0.2480824851228952,-0.27468609710320896,0.02617559339023893
google_brewery_count,0.5792621800933585,0.5778293807474055,0.5805751650395833,0.06435346123887785,0.024096764400751765,0.08529427570178864,0.5815804479213864,0.5871046877419628,0.5868397198234665,0.5903147872768435,0.5398900118257939,0.4538362914740106,0.569442856888831,0.5841352057053383,0.4853867894392803,0.6104987971165218,0.5837970769499213,0.5875490141863292,0.5857886818926702,0.5814876451203816,0.5152889282123666,0.5932097491266722,0.5857337116066128,0.5553187860090621,0.5865037848433653,0.6106429186499548,0.6249122923779659,0.6175129350206842,0.6023197665968391,0.5490789437640287,0.5921024234195579,0.6072441460393155,0.5580907349041985,0.2649363440113457,0.4308166823923876,0.48803643428604343,0.5741551114591757,0.5926021047472607,0.5973333299047963,0.5757362291984436,0.595183863696708,0.5618712220866091,0.586524963692336,0.47759225889935303,0.5926021047472607,0.3800357623780502,0.5856008804826582,0.572110046861092,0.5634509381794547,0.5999609512985602,0.5830320215206012,0.5039928666738899,0.604157652675403,0.5810085551225316,0.5953092138023007,0.5767307445239249,0.5724094393206007,0.5800172290665273,0.45337355519961386,0.0020814079927765844,0.5934303141985405,0.2555640534610523,0.5514228105428434,0.5792621800933587,-0.10542011975559945,0.1522931836668507,-0.2480824851228952,1.0,0.5844566498281374,0.629348757291967
google_winery_count,0.29328661732689065,0.29041869184381147,0.2960397420516116,0.2644991350170065,0.2133520869850378,0.2937995991634716,0.2996464681592906,0.3004044183939335,0.3000373208231073,0.301032047776051,0.28481618122114977,0.26089848111593256,0.29696159852114307,0.30397383326355437,0.230566232621283,0.3308802232139616,0.29256902255219136,0.31212283319795936,0.3250210364852011,0.2992886900006279,0.24936412657600732,0.30849455433362744,0.29398395335413224,0.28918440044452964,0.3033200513351489,0.3184759621737948,0.32971208300212196,0.3232479726774765,0.3127857214174922,0.2939260616683236,0.301879412823629,0.30997020116914775,0.26544196713627505,0.15448018214064801,0.21351773688380887,0.23864838691942544,0.28659920798854366,0.30251524437480987,0.31345329595868465,0.29144346581298486,0.3027888396423887,0.26492231346210576,0.2948414851804926,0.2569700635886237,0.30251524437480987,0.10333052413300557,0.2766111698665169,0.3005939000238032,0.28290067571697963,0.30671072806108796,0.2867522436322977,0.2618183984156747,0.32651362468933026,0.29854954778909165,0.31390469847819885,0.2841922790547496,0.28837421198703317,0.3078130448257727,0.26095744334083965,-0.06542884947414762,0.30103012588444933,0.10515198441239697,0.2330366597896912,0.2932866173268907,-0.21570484763513414,0.06625891386385446,-0.27468609710320896,0.5844566498281374,1.0,0.38565547750244794
google_distillery_count,0.6901504205208406,0.6877493011552218,0.6923912520427935,0.015166324880127523,-0.0005344391056126436,0.020196985201068288,0.6934277813020022,0.700450584380908,0.7000844448074233,0.7026928778582463,0.661340448122687,0.5476502443501021,0.6782105616154014,0.6951922280226666,0.6103799143017417,0.7045904695998781,0.6764882230945173,0.7064204751151364,0.7291493202528146,0.693230278375523,0.6319501628737905,0.7036747156513107,0.6989894751587635,0.6634272280776556,0.6807472925631659,0.702273861180716,0.7195108659365831,0.7285547026677391,0.7227908824157047,0.6915217449447889,0.703410448273119,0.6778020811383595,0.6486870588397331,0.5489834341587467,0.6852334778335641,0.6215702424108224,0.6735940754038342,0.7039435889196359,0.7206004343368645,0.6903511282035381,0.6944072021274859,0.6551607029246432,0.686835590869699,0.5603461123373655,0.7039435889196359,0.44775769266477744,0.6713893613306982,0.667924417493522,0.6701165092127848,0.6936146388944948,0.690764264433346,0.6695122061492308,0.7073434758747983,0.6907766552762455,0.7287018066301777,0.6663685263573224,0.6835170124307264,0.7049975846680585,0.5465864369054649,0.17660310438296803,0.7272380431286234,0.4210282011290279,0.7713969197497886,0.6901504205208404,0.09063367634914629,0.3330111429536421,0.02617559339023893,0.629348757291967,0.38565547750244794,1.0
